2010:05:02:00:00:00,2010:05:03:00:00:00,JSOC_20181122_093
2010:05:03:00:00:00,2010:05:04:00:00:00,JSOC_20181122_094
2010:05:05:00:00:00,2010:05:06:00:00:00,JSOC_20181122_095
2010:05:08:00:00:00,2010:05:09:00:00:00,JSOC_20181122_096
2010:05:31:00:00:00,2010:06:01:00:00:00,JSOC_20181122_097
2010:06:19:00:00:00,2010:06:20:00:00:00,JSOC_20181122_098
2010:07:01:00:00:00,2010:07:02:00:00:00,JSOC_20181122_099
2010:08:08:00:00:00,2010:08:09:00:00:00,JSOC_20181122_100
2010:08:13:00:00:00,2010:08:14:00:00:00,JSOC_20181122_101
2010:08:12:00:00:00,2010:08:13:00:00:00,JSOC_20181122_102
2010:08:20:00:00:00,2010:08:21:00:00:00,JSOC_20181122_103
2010:08:29:00:00:00,2010:08:30:00:00:00,JSOC_20181122_104
2010:09:16:00:00:00,2010:09:17:00:00:00,JSOC_20181122_105
2010:09:21:00:00:00,2010:09:22:00:00:00,JSOC_20181122_106
2010:09:26:00:00:00,2010:09:27:00:00:00,JSOC_20181122_107
2010:10:03:00:00:00,2010:10:04:00:00:00,JSOC_20181122_108
2010:10:18:00:00:00,2010:10:19:00:00:00,JSOC_20181122_109
2010:10:19:00:00:00,2010:10:20:00:00:00,JSOC_20181122_110
2010:11:04:00:00:00,2010:11:05:00:00:00,JSOC_20181122_111
2010:11:09:00:00:00,2010:11:10:00:00:00,JSOC_20181122_112
2010:11:13:00:00:00,2010:11:14:00:00:00,JSOC_20181122_113
2010:11:17:00:00:00,2010:11:18:00:00:00,JSOC_20181122_120
2010:11:21:00:00:00,2010:11:22:00:00:00,JSOC_20181122_130
2010:12:07:00:00:00,2010:12:08:00:00:00,JSOC_20181122_138
2010:12:09:00:00:00,2010:12:10:00:00:00,JSOC_20181122_147
2010:12:17:00:00:00,2010:12:18:00:00:00,JSOC_20181122_155
2010:12:26:00:00:00,2010:12:27:00:00:00,JSOC_20181122_164
2011:01:01:00:00:00,2011:01:02:00:00:00,JSOC_20181122_169
2011:01:05:00:00:00,2011:01:06:00:00:00,JSOC_20181122_176
2011:01:08:00:00:00,2011:01:09:00:00:00,JSOC_20181122_184
2011:01:11:00:00:00,2011:01:12:00:00:00,JSOC_20181122_192
2011:01:13:00:00:00,2011:01:14:00:00:00,JSOC_20181122_198
2011:02:01:00:00:00,2011:02:02:00:00:00,JSOC_20181122_209
2011:02:10:00:00:00,2011:02:11:00:00:00,JSOC_20181122_214
2011:02:10:00:00:00,2011:02:11:00:00:00,JSOC_20181122_220
2011:03:01:00:00:00,2011:03:02:00:00:00,JSOC_20181122_227
2011:03:05:00:00:00,2011:03:06:00:00:00,JSOC_20181122_228
2011:03:18:00:00:00,2011:03:19:00:00:00,JSOC_20181122_230
2011:03:26:00:00:00,2011:03:27:00:00:00,JSOC_20181122_231
2011:03:29:00:00:00,2011:03:30:00:00:00,JSOC_20181122_232
2011:04:03:00:00:00,2011:04:04:00:00:00,JSOC_20181122_233
2011:04:10:00:00:00,2011:04:11:00:00:00,JSOC_20181122_234
2011:04:10:00:00:00,2011:04:11:00:00:00,JSOC_20181122_235
2011:04:11:00:00:00,2011:04:12:00:00:00,JSOC_20181122_236
2011:04:17:00:00:00,2011:04:18:00:00:00,JSOC_20181122_237
2011:04:25:00:00:00,2011:04:26:00:00:00,JSOC_20181122_238
2011:04:27:00:00:00,2011:04:28:00:00:00,JSOC_20181122_239
2011:05:03:00:00:00,2011:05:04:00:00:00,JSOC_20181122_240
2011:05:04:00:00:00,2011:05:05:00:00:00,JSOC_20181122_241
2011:05:07:00:00:00,2011:05:08:00:00:00,JSOC_20181122_242
2011:05:11:00:00:00,2011:05:12:00:00:00,JSOC_20181122_243
2011:05:15:00:00:00,2011:05:16:00:00:00,JSOC_20181122_244
2011:05:21:00:00:00,2011:05:22:00:00:00,JSOC_20181122_245
2011:05:22:00:00:00,2011:05:23:00:00:00,JSOC_20181122_246
2011:05:22:00:00:00,2011:05:23:00:00:00,JSOC_20181122_248
2011:05:31:00:00:00,2011:06:01:00:00:00,JSOC_20181122_249
2011:06:01:00:00:00,2011:06:02:00:00:00,JSOC_20181122_250
2011:06:04:00:00:00,2011:06:05:00:00:00,JSOC_20181122_251
2011:06:06:00:00:00,2011:06:07:00:00:00,JSOC_20181122_252
2011:06:12:00:00:00,2011:06:13:00:00:00,JSOC_20181122_253
2011:06:23:00:00:00,2011:06:24:00:00:00,JSOC_20181122_254
2011:07:02:00:00:00,2011:07:03:00:00:00,JSOC_20181122_255
2011:07:11:00:00:00,2011:07:12:00:00:00,JSOC_20181122_256
2011:07:10:00:00:00,2011:07:11:00:00:00,JSOC_20181122_257
2011:07:13:00:00:00,2011:07:14:00:00:00,JSOC_20181122_258
2011:07:16:00:00:00,2011:07:17:00:00:00,JSOC_20181122_259
2011:07:16:00:00:00,2011:07:17:00:00:00,JSOC_20181122_260
2011:07:17:00:00:00,2011:07:18:00:00:00,JSOC_20181122_262
2011:07:23:00:00:00,2011:07:24:00:00:00,JSOC_20181122_263
2011:07:31:00:00:00,2011:08:01:00:00:00,JSOC_20181122_265
2011:08:06:00:00:00,2011:08:07:00:00:00,JSOC_20181122_266
2011:08:07:00:00:00,2011:08:08:00:00:00,JSOC_20181122_267
2011:08:12:00:00:00,2011:08:13:00:00:00,JSOC_20181122_268
2011:08:25:00:00:00,2011:08:26:00:00:00,JSOC_20181122_269
2011:08:26:00:00:00,2011:08:27:00:00:00,JSOC_20181122_270
2011:08:29:00:00:00,2011:08:30:00:00:00,JSOC_20181122_271
2011:08:30:00:00:00,2011:08:31:00:00:00,JSOC_20181122_272
2011:08:27:00:00:00,2011:08:28:00:00:00,JSOC_20181122_273
2011:09:11:00:00:00,2011:09:12:00:00:00,JSOC_20181122_274
2011:09:15:00:00:00,2011:09:16:00:00:00,JSOC_20181122_275
2011:09:13:00:00:00,2011:09:14:00:00:00,JSOC_20181122_276
2011:09:17:00:00:00,2011:09:18:00:00:00,JSOC_20181122_277
2011:09:25:00:00:00,2011:09:26:00:00:00,JSOC_20181122_278
2011:10:01:00:00:00,2011:10:02:00:00:00,JSOC_20181122_279
2011:10:04:00:00:00,2011:10:05:00:00:00,JSOC_20181122_280
2011:10:05:00:00:00,2011:10:06:00:00:00,JSOC_20181122_281
2011:10:09:00:00:00,2011:10:10:00:00:00,JSOC_20181122_283
2011:10:18:00:00:00,2011:10:19:00:00:00,JSOC_20181122_284
2011:10:19:00:00:00,2011:10:20:00:00:00,JSOC_20181122_286
2011:10:21:00:00:00,2011:10:22:00:00:00,JSOC_20181122_287
2011:10:29:00:00:00,2011:10:30:00:00:00,JSOC_20181122_288
2011:10:31:00:00:00,2011:11:01:00:00:00,JSOC_20181122_289
2011:11:01:00:00:00,2011:11:02:00:00:00,JSOC_20181122_292
2011:11:03:00:00:00,2011:11:04:00:00:00,JSOC_20181122_293
2011:11:04:00:00:00,2011:11:05:00:00:00,JSOC_20181122_294
2011:11:09:00:00:00,2011:11:10:00:00:00,JSOC_20181122_295
2011:11:16:00:00:00,2011:11:17:00:00:00,JSOC_20181122_296
2011:11:21:00:00:00,2011:11:22:00:00:00,JSOC_20181122_297
2011:11:22:00:00:00,2011:11:23:00:00:00,JSOC_20181122_298
2011:12:07:00:00:00,2011:12:08:00:00:00,JSOC_20181122_299
2011:12:06:00:00:00,2011:12:07:00:00:00,JSOC_20181028_236
2011:12:08:00:00:00,2011:12:09:00:00:00,JSOC_20181122_300
2011:12:17:00:00:00,2011:12:18:00:00:00,JSOC_20181122_301
2011:12:21:00:00:00,2011:12:22:00:00:00,JSOC_20181122_302
2011:12:23:00:00:00,2011:12:24:00:00:00,JSOC_20181122_303
2012:01:01:00:00:00,2012:01:02:00:00:00,JSOC_20181122_304
2011:12:30:00:00:00,2011:12:31:00:00:00,JSOC_20181122_305
2012:01:14:00:00:00,2012:01:15:00:00:00,JSOC_20181122_306
2012:01:19:00:00:00,2012:01:20:00:00:00,JSOC_20181122_307
2012:01:16:00:00:00,2012:01:17:00:00:00,JSOC_20181122_308
2012:01:20:00:00:00,2012:01:21:00:00:00,JSOC_20181122_309
2012:01:26:00:00:00,2012:01:27:00:00:00,JSOC_20181122_310
2012:01:24:00:00:00,2012:01:25:00:00:00,JSOC_20181122_311
2012:01:31:00:00:00,2012:02:01:00:00:00,JSOC_20181122_312
2012:01:31:00:00:00,2012:02:01:00:00:00,JSOC_20181122_313
2012:02:17:00:00:00,2012:02:18:00:00:00,JSOC_20181122_314
2012:02:17:00:00:00,2012:02:18:00:00:00,JSOC_20181122_315
2012:03:25:00:00:00,2012:03:26:00:00:00,JSOC_20181122_316
2012:03:26:00:00:00,2012:03:27:00:00:00,JSOC_20181122_317
2012:03:28:00:00:00,2012:03:29:00:00:00,JSOC_20181122_318
2012:04:05:00:00:00,2012:04:06:00:00:00,JSOC_20181122_319
2012:04:14:00:00:00,2012:04:15:00:00:00,JSOC_20181122_320
2012:04:15:00:00:00,2012:04:16:00:00:00,JSOC_20181122_321
2012:04:21:00:00:00,2012:04:22:00:00:00,JSOC_20181122_322
2012:05:01:00:00:00,2012:05:02:00:00:00,JSOC_20181122_323
2012:05:01:00:00:00,2012:05:02:00:00:00,JSOC_20181122_324
2012:05:07:00:00:00,2012:05:08:00:00:00,JSOC_20181122_325
2012:05:13:00:00:00,2012:05:14:00:00:00,JSOC_20181122_326
2012:05:14:00:00:00,2012:05:15:00:00:00,JSOC_20181122_327
2012:05:15:00:00:00,2012:05:16:00:00:00,JSOC_20181122_328
2012:05:17:00:00:00,2012:05:18:00:00:00,JSOC_20181122_329
2012:05:28:00:00:00,2012:05:29:00:00:00,JSOC_20181122_330
2012:05:30:00:00:00,2012:05:31:00:00:00,JSOC_20181122_332
2012:06:03:00:00:00,2012:06:04:00:00:00,JSOC_20181122_333
2012:06:06:00:00:00,2012:06:07:00:00:00,JSOC_20181122_334
2012:07:08:00:00:00,2012:07:09:00:00:00,JSOC_20181122_335
2012:07:14:00:00:00,2012:07:15:00:00:00,JSOC_20181122_336
2012:07:24:00:00:00,2012:07:25:00:00:00,JSOC_20181122_339
2012:07:28:00:00:00,2012:07:29:00:00:00,JSOC_20181122_340
2012:07:28:00:00:00,2012:07:29:00:00:00,JSOC_20181122_341
2012:07:29:00:00:00,2012:07:30:00:00:00,JSOC_20181122_342
2012:08:05:00:00:00,2012:08:06:00:00:00,JSOC_20181122_343
2012:08:21:00:00:00,2012:08:22:00:00:00,JSOC_20181122_344
2012:08:18:00:00:00,2012:08:19:00:00:00,JSOC_20181122_345
2012:08:23:00:00:00,2012:08:24:00:00:00,JSOC_20181122_346
2012:08:25:00:00:00,2012:08:26:00:00:00,JSOC_20181122_347
2012:08:27:00:00:00,2012:08:28:00:00:00,JSOC_20181122_348
2012:08:30:00:00:00,2012:08:31:00:00:00,JSOC_20181122_349
2012:08:30:00:00:00,2012:08:31:00:00:00,JSOC_20181122_350
2012:09:01:00:00:00,2012:09:02:00:00:00,JSOC_20181122_351
2012:08:31:00:00:00,2012:09:01:00:00:00,JSOC_20181122_352
2012:08:31:00:00:00,2012:09:01:00:00:00,JSOC_20181122_353
2012:09:02:00:00:00,2012:09:03:00:00:00,JSOC_20181122_354
2012:09:04:00:00:00,2012:09:05:00:00:00,JSOC_20181122_355
2012:09:04:00:00:00,2012:09:05:00:00:00,JSOC_20181122_356
2012:09:04:00:00:00,2012:09:05:00:00:00,JSOC_20181122_357
2012:09:08:00:00:00,2012:09:09:00:00:00,JSOC_20181122_358
2012:09:10:00:00:00,2012:09:11:00:00:00,JSOC_20181122_359
2012:09:14:00:00:00,2012:09:15:00:00:00,JSOC_20181122_360
2012:09:16:00:00:00,2012:09:17:00:00:00,JSOC_20181122_361
2012:09:19:00:00:00,2012:09:20:00:00:00,JSOC_20181122_362
2012:09:24:00:00:00,2012:09:25:00:00:00,JSOC_20181122_363
2012:09:25:00:00:00,2012:09:26:00:00:00,JSOC_20181122_364
2012:09:29:00:00:00,2012:09:30:00:00:00,JSOC_20181122_365
2012:10:06:00:00:00,2012:10:07:00:00:00,JSOC_20181122_366
2012:10:11:00:00:00,2012:10:12:00:00:00,JSOC_20181122_367
2012:10:15:00:00:00,2012:10:16:00:00:00,JSOC_20181122_368
2012:10:15:00:00:00,2012:10:16:00:00:00,JSOC_20181122_369
2012:10:28:00:00:00,2012:10:29:00:00:00,JSOC_20181122_370
2012:11:02:00:00:00,2012:11:03:00:00:00,JSOC_20181122_371
2012:11:05:00:00:00,2012:11:06:00:00:00,JSOC_20181122_372
2012:11:07:00:00:00,2012:11:08:00:00:00,JSOC_20181122_373
2012:11:11:00:00:00,2012:11:12:00:00:00,JSOC_20181122_374
2012:11:12:00:00:00,2012:11:13:00:00:00,JSOC_20181122_375
2012:11:18:00:00:00,2012:11:19:00:00:00,JSOC_20181122_376
2012:11:29:00:00:00,2012:11:30:00:00:00,JSOC_20181122_377
2012:12:05:00:00:00,2012:12:06:00:00:00,JSOC_20181122_378
2012:12:19:00:00:00,2012:12:20:00:00:00,JSOC_20181122_379
2012:12:28:00:00:00,2012:12:29:00:00:00,JSOC_20181122_380
2012:12:29:00:00:00,2012:12:30:00:00:00,JSOC_20181122_381
2013:01:01:00:00:00,2013:01:02:00:00:00,JSOC_20181122_382
2013:01:01:00:00:00,2013:01:02:00:00:00,JSOC_20181122_383
2013:01:03:00:00:00,2013:01:04:00:00:00,JSOC_20181122_384
2013:01:05:00:00:00,2013:01:06:00:00:00,JSOC_20181122_385
2013:01:06:00:00:00,2013:01:07:00:00:00,JSOC_20181122_386
2013:01:07:00:00:00,2013:01:08:00:00:00,JSOC_20181122_387
2013:01:07:00:00:00,2013:01:08:00:00:00,JSOC_20181122_388
2013:01:09:00:00:00,2013:01:10:00:00:00,JSOC_20181122_389
2013:01:15:00:00:00,2013:01:16:00:00:00,JSOC_20181122_390
2013:01:17:00:00:00,2013:01:18:00:00:00,JSOC_20181122_391
2013:01:26:00:00:00,2013:01:27:00:00:00,JSOC_20181122_392
2013:01:27:00:00:00,2013:01:28:00:00:00,JSOC_20181122_393
2013:02:08:00:00:00,2013:02:09:00:00:00,JSOC_20181122_394
2013:02:15:00:00:00,2013:02:16:00:00:00,JSOC_20181122_395
2013:02:13:00:00:00,2013:02:14:00:00:00,JSOC_20181122_396
2013:02:20:00:00:00,2013:02:21:00:00:00,JSOC_20181122_397
2013:02:21:00:00:00,2013:02:22:00:00:00,JSOC_20181122_398
2013:02:21:00:00:00,2013:02:22:00:00:00,JSOC_20181122_369
2013:02:27:00:00:00,2013:02:28:00:00:00,JSOC_20181122_399
2013:03:01:00:00:00,2013:03:02:00:00:00,JSOC_20181122_400
2013:03:05:00:00:00,2013:03:06:00:00:00,JSOC_20181122_401
2013:03:06:00:00:00,2013:03:07:00:00:00,JSOC_20181122_369
2013:03:11:00:00:00,2013:03:12:00:00:00,JSOC_20181122_402
2013:03:14:00:00:00,2013:03:15:00:00:00,JSOC_20181122_369
2013:03:19:00:00:00,2013:03:20:00:00:00,JSOC_20181122_403
2013:03:28:00:00:00,2013:03:29:00:00:00,JSOC_20181122_404
2013:03:26:00:00:00,2013:03:27:00:00:00,JSOC_20181122_405
2013:03:30:00:00:00,2013:03:31:00:00:00,JSOC_20181122_406
2013:04:01:00:00:00,2013:04:02:00:00:00,JSOC_20181122_407
2013:04:06:00:00:00,2013:04:07:00:00:00,JSOC_20181122_408
2013:04:09:00:00:00,2013:04:10:00:00:00,JSOC_20181122_409
2013:04:18:00:00:00,2013:04:19:00:00:00,JSOC_20181122_410
2013:04:23:00:00:00,2013:04:24:00:00:00,JSOC_20181122_411
2013:04:27:00:00:00,2013:04:28:00:00:00,JSOC_20181028_236
2013:05:02:00:00:00,2013:05:03:00:00:00,JSOC_20181122_413
2013:05:10:00:00:00,2013:05:11:00:00:00,JSOC_20181122_414
2013:05:15:00:00:00,2013:05:16:00:00:00,JSOC_20181122_415
2013:05:16:00:00:00,2013:05:17:00:00:00,JSOC_20181122_416
2013:05:23:00:00:00,2013:05:24:00:00:00,JSOC_20181122_417
2013:05:29:00:00:00,2013:05:30:00:00:00,JSOC_20181122_418
2013:05:31:00:00:00,2013:06:01:00:00:00,JSOC_20181122_419
2013:05:29:00:00:00,2013:05:30:00:00:00,JSOC_20181122_420
2013:06:06:00:00:00,2013:06:07:00:00:00,JSOC_20181122_421
2013:06:18:00:00:00,2013:06:19:00:00:00,JSOC_20181122_422
2013:06:19:00:00:00,2013:06:20:00:00:00,JSOC_20181122_423
2013:06:25:00:00:00,2013:06:26:00:00:00,JSOC_20181122_424
2013:06:28:00:00:00,2013:06:29:00:00:00,JSOC_20181122_425
2013:07:03:00:00:00,2013:07:04:00:00:00,JSOC_20181122_426
2013:07:03:00:00:00,2013:07:04:00:00:00,JSOC_20181122_427
2013:07:06:00:00:00,2013:07:07:00:00:00,JSOC_20181122_428
2013:07:08:00:00:00,2013:07:09:00:00:00,JSOC_20181122_429
2013:07:15:00:00:00,2013:07:16:00:00:00,JSOC_20181122_430
2013:07:20:00:00:00,2013:07:21:00:00:00,JSOC_20181122_431
2013:07:20:00:00:00,2013:07:21:00:00:00,JSOC_20181122_432
2013:07:31:00:00:00,2013:08:01:00:00:00,JSOC_20181122_433
2013:08:02:00:00:00,2013:08:03:00:00:00,JSOC_20181122_434
2013:08:05:00:00:00,2013:08:06:00:00:00,JSOC_20181122_435
2013:08:05:00:00:00,2013:08:06:00:00:00,JSOC_20181122_436
2013:08:02:00:00:00,2013:08:03:00:00:00,JSOC_20181122_437
2013:08:11:00:00:00,2013:08:12:00:00:00,JSOC_20181122_438
2013:08:11:00:00:00,2013:08:12:00:00:00,JSOC_20181122_439
2013:08:13:00:00:00,2013:08:14:00:00:00,JSOC_20181122_440
2013:08:17:00:00:00,2013:08:18:00:00:00,JSOC_20181122_441
2013:08:19:00:00:00,2013:08:20:00:00:00,JSOC_20181122_442
2013:08:19:00:00:00,2013:08:20:00:00:00,JSOC_20181122_443
2013:08:29:00:00:00,2013:08:30:00:00:00,JSOC_20181122_444
2013:09:10:00:00:00,2013:09:11:00:00:00,JSOC_20181028_236
2013:09:15:00:00:00,2013:09:16:00:00:00,JSOC_20181122_445
2013:09:21:00:00:00,2013:09:22:00:00:00,JSOC_20181122_446
2013:09:21:00:00:00,2013:09:22:00:00:00,JSOC_20181028_236
2013:09:21:00:00:00,2013:09:22:00:00:00,JSOC_20181122_447
2013:09:21:00:00:00,2013:09:22:00:00:00,JSOC_20181122_448
2013:09:24:00:00:00,2013:09:25:00:00:00,JSOC_20181122_449
2013:09:27:00:00:00,2013:09:28:00:00:00,JSOC_20181122_450
2013:10:02:00:00:00,2013:10:03:00:00:00,JSOC_20181122_451
2013:10:01:00:00:00,2013:10:02:00:00:00,JSOC_20181122_454
2013:10:06:00:00:00,2013:10:07:00:00:00,JSOC_20181122_455
2013:10:09:00:00:00,2013:10:10:00:00:00,JSOC_20181122_456
2013:10:09:00:00:00,2013:10:10:00:00:00,JSOC_20181122_457
2013:10:16:00:00:00,2013:10:17:00:00:00,JSOC_20181122_458
2013:10:18:00:00:00,2013:10:19:00:00:00,JSOC_20181122_459
2013:10:18:00:00:00,2013:10:19:00:00:00,JSOC_20181122_460
2013:10:20:00:00:00,2013:10:21:00:00:00,JSOC_20181122_461
2013:10:18:00:00:00,2013:10:19:00:00:00,JSOC_20181122_462
2013:10:24:00:00:00,2013:10:25:00:00:00,JSOC_20181122_463
2013:10:26:00:00:00,2013:10:27:00:00:00,JSOC_20181122_464
2013:10:31:00:00:00,2013:11:01:00:00:00,JSOC_20181122_465
2013:11:03:00:00:00,2013:11:04:00:00:00,JSOC_20181122_466
2013:11:10:00:00:00,2013:11:11:00:00:00,JSOC_20181122_467
2013:11:14:00:00:00,2013:11:15:00:00:00,JSOC_20181122_468
2013:11:15:00:00:00,2013:11:16:00:00:00,JSOC_20181122_469
2013:11:22:00:00:00,2013:11:23:00:00:00,JSOC_20181122_470
2013:11:28:00:00:00,2013:11:29:00:00:00,JSOC_20181122_471
2013:11:28:00:00:00,2013:11:29:00:00:00,JSOC_20181122_472
2013:11:27:00:00:00,2013:11:28:00:00:00,JSOC_20181122_473
2013:12:01:00:00:00,2013:12:02:00:00:00,JSOC_20181122_474
2013:12:07:00:00:00,2013:12:08:00:00:00,JSOC_20181122_475
2013:12:14:00:00:00,2013:12:15:00:00:00,JSOC_20181122_476
2013:12:12:00:00:00,2013:12:13:00:00:00,JSOC_20181122_477
2013:12:21:00:00:00,2013:12:22:00:00:00,JSOC_20181122_478
2013:12:26:00:00:00,2013:12:27:00:00:00,JSOC_20181122_479
2013:12:30:00:00:00,2013:12:31:00:00:00,JSOC_20181122_480
2014:01:04:00:00:00,2014:01:05:00:00:00,JSOC_20181122_481
2014:01:05:00:00:00,2014:01:06:00:00:00,JSOC_20181122_482
2014:01:03:00:00:00,2014:01:04:00:00:00,JSOC_20181122_483
2014:01:11:00:00:00,2014:01:12:00:00:00,JSOC_20181122_485
2014:01:13:00:00:00,2014:01:14:00:00:00,JSOC_20181122_486
2014:01:11:00:00:00,2014:01:12:00:00:00,JSOC_20181122_487
2014:01:17:00:00:00,2014:01:18:00:00:00,JSOC_20181122_488
2014:01:20:00:00:00,2014:01:21:00:00:00,JSOC_20181122_489
2014:01:22:00:00:00,2014:01:23:00:00:00,JSOC_20181122_490
2014:01:25:00:00:00,2014:01:26:00:00:00,JSOC_20181122_491
2014:01:24:00:00:00,2014:01:25:00:00:00,JSOC_20181122_492
2014:01:26:00:00:00,2014:01:27:00:00:00,JSOC_20181122_493
2014:01:27:00:00:00,2014:01:28:00:00:00,JSOC_20181122_494
2014:02:07:00:00:00,2014:02:08:00:00:00,JSOC_20181122_495
2014:02:14:00:00:00,2014:02:15:00:00:00,JSOC_20181122_496
2014:02:21:00:00:00,2014:02:22:00:00:00,JSOC_20181122_497
2014:02:21:00:00:00,2014:02:22:00:00:00,JSOC_20181122_498
2014:02:26:00:00:00,2014:02:27:00:00:00,JSOC_20181122_499
2014:02:27:00:00:00,2014:02:28:00:00:00,JSOC_20181122_500
2014:03:01:00:00:00,2014:03:02:00:00:00,JSOC_20181122_501
2014:03:10:00:00:00,2014:03:11:00:00:00,JSOC_20181122_502
2014:03:06:00:00:00,2014:03:07:00:00:00,JSOC_20181122_503
2014:03:09:00:00:00,2014:03:10:00:00:00,JSOC_20181122_504
2014:03:14:00:00:00,2014:03:15:00:00:00,JSOC_20181122_505
2014:03:26:00:00:00,2014:03:27:00:00:00,JSOC_20181122_506
2014:03:29:00:00:00,2014:03:30:00:00:00,JSOC_20181122_507
2014:03:30:00:00:00,2014:03:31:00:00:00,JSOC_20181122_508
2014:04:05:00:00:00,2014:04:06:00:00:00,JSOC_20181122_509
2014:04:12:00:00:00,2014:04:13:00:00:00,JSOC_20181122_510
2014:04:13:00:00:00,2014:04:14:00:00:00,JSOC_20181122_511
2014:04:16:00:00:00,2014:04:17:00:00:00,JSOC_20181122_512
2014:04:21:00:00:00,2014:04:22:00:00:00,JSOC_20181122_513
2014:05:02:00:00:00,2014:05:03:00:00:00,JSOC_20181028_236
2014:05:05:00:00:00,2014:05:06:00:00:00,JSOC_20181028_236
2014:05:08:00:00:00,2014:05:09:00:00:00,JSOC_20181028_236
2014:05:11:00:00:00,2014:05:12:00:00:00,JSOC_20181028_236
2014:05:11:00:00:00,2014:05:12:00:00:00,JSOC_20181028_236
2014:05:16:00:00:00,2014:05:17:00:00:00,JSOC_20181122_514
2014:05:15:00:00:00,2014:05:16:00:00:00,JSOC_20181028_236
2014:05:19:00:00:00,2014:05:20:00:00:00,JSOC_20181028_236
2014:05:18:00:00:00,2014:05:19:00:00:00,JSOC_20181028_236
2014:05:21:00:00:00,2014:05:22:00:00:00,JSOC_20181028_236
2014:05:28:00:00:00,2014:05:29:00:00:00,JSOC_20181028_236
2014:06:02:00:00:00,2014:06:03:00:00:00,JSOC_20181028_236
2014:06:06:00:00:00,2014:06:07:00:00:00,JSOC_20181028_236
2014:06:07:00:00:00,2014:06:08:00:00:00,JSOC_20181028_236
2014:06:10:00:00:00,2014:06:11:00:00:00,JSOC_20181028_236
2014:06:16:00:00:00,2014:06:17:00:00:00,JSOC_20181028_236
2014:06:21:00:00:00,2014:06:22:00:00:00,JSOC_20181028_236
2014:06:27:00:00:00,2014:06:28:00:00:00,JSOC_20181028_236
2014:06:25:00:00:00,2014:06:26:00:00:00,JSOC_20181028_236
2014:06:30:00:00:00,2014:07:01:00:00:00,JSOC_20181028_236
2014:07:03:00:00:00,2014:07:04:00:00:00,JSOC_20181122_516
2014:07:01:00:00:00,2014:07:02:00:00:00,JSOC_20181028_236
2014:07:03:00:00:00,2014:07:04:00:00:00,JSOC_20181028_236
2014:06:30:00:00:00,2014:07:01:00:00:00,JSOC_20181028_236
2014:07:04:00:00:00,2014:07:05:00:00:00,JSOC_20181028_236
2014:07:04:00:00:00,2014:07:05:00:00:00,JSOC_20181028_236
2014:07:06:00:00:00,2014:07:07:00:00:00,JSOC_20181028_236
2014:07:06:00:00:00,2014:07:07:00:00:00,JSOC_20181028_236
2014:07:08:00:00:00,2014:07:09:00:00:00,JSOC_20181028_236
2014:07:13:00:00:00,2014:07:14:00:00:00,JSOC_20181028_236
2014:07:12:00:00:00,2014:07:13:00:00:00,JSOC_20181028_236
2014:07:19:00:00:00,2014:07:20:00:00:00,JSOC_20181028_236
2014:07:25:00:00:00,2014:07:26:00:00:00,JSOC_20181028_236
2014:07:26:00:00:00,2014:07:27:00:00:00,JSOC_20181028_236
2014:07:30:00:00:00,2014:07:31:00:00:00,JSOC_20181028_236
2014:08:01:00:00:00,2014:08:02:00:00:00,JSOC_20181028_236
2014:08:02:00:00:00,2014:08:03:00:00:00,JSOC_20181028_236
2014:08:06:00:00:00,2014:08:07:00:00:00,JSOC_20181028_236
2014:08:18:00:00:00,2014:08:19:00:00:00,JSOC_20181122_369
2014:08:18:00:00:00,2014:08:19:00:00:00,JSOC_20181122_369
2014:08:17:00:00:00,2014:08:18:00:00:00,JSOC_20181122_369
2014:08:16:00:00:00,2014:08:17:00:00:00,JSOC_20181122_369
2014:08:22:00:00:00,2014:08:23:00:00:00,JSOC_20181122_369
2014:08:30:00:00:00,2014:08:31:00:00:00,JSOC_20181122_369
2014:09:04:00:00:00,2014:09:05:00:00:00,JSOC_20181122_369
2014:09:08:00:00:00,2014:09:09:00:00:00,JSOC_20181122_369
2014:09:07:00:00:00,2014:09:08:00:00:00,JSOC_20181122_369
2014:09:11:00:00:00,2014:09:12:00:00:00,JSOC_20181122_369
2014:09:15:00:00:00,2014:09:16:00:00:00,JSOC_20181122_369
2014:09:17:00:00:00,2014:09:18:00:00:00,JSOC_20181122_369
2014:09:20:00:00:00,2014:09:21:00:00:00,JSOC_20181122_369
2014:09:21:00:00:00,2014:09:22:00:00:00,JSOC_20181122_369
2014:09:21:00:00:00,2014:09:22:00:00:00,JSOC_20181122_369
2014:09:23:00:00:00,2014:09:24:00:00:00,JSOC_20181122_369
2014:09:27:00:00:00,2014:09:28:00:00:00,JSOC_20181122_369
2014:10:01:00:00:00,2014:10:02:00:00:00,JSOC_20181028_236
2014:10:02:00:00:00,2014:10:03:00:00:00,JSOC_20181028_236
2014:10:03:00:00:00,2014:10:04:00:00:00,JSOC_20181028_236
2014:10:01:00:00:00,2014:10:02:00:00:00,JSOC_20181028_236
2014:10:04:00:00:00,2014:10:05:00:00:00,JSOC_20181028_236
2014:10:07:00:00:00,2014:10:08:00:00:00,JSOC_20181028_236
2014:10:08:00:00:00,2014:10:09:00:00:00,JSOC_20181028_236
2014:10:09:00:00:00,2014:10:10:00:00:00,JSOC_20181028_236
2014:10:12:00:00:00,2014:10:13:00:00:00,JSOC_20181028_236
2014:10:17:00:00:00,2014:10:18:00:00:00,JSOC_20181028_236
2014:10:15:00:00:00,2014:10:16:00:00:00,JSOC_20181028_236
2014:10:18:00:00:00,2014:10:19:00:00:00,JSOC_20181028_236
2014:10:18:00:00:00,2014:10:19:00:00:00,JSOC_20181028_236
2014:10:25:00:00:00,2014:10:26:00:00:00,JSOC_20181028_236
2014:10:27:00:00:00,2014:10:28:00:00:00,JSOC_20181028_236
2014:10:28:00:00:00,2014:10:29:00:00:00,JSOC_20181028_236
2014:10:28:00:00:00,2014:10:29:00:00:00,JSOC_20181028_236
2014:10:31:00:00:00,2014:11:01:00:00:00,JSOC_20181028_236
2014:11:02:00:00:00,2014:11:03:00:00:00,JSOC_20181028_236
2014:10:31:00:00:00,2014:11:01:00:00:00,JSOC_20181028_236
2014:11:04:00:00:00,2014:11:05:00:00:00,JSOC_20181028_236
2014:11:07:00:00:00,2014:11:08:00:00:00,JSOC_20181028_236
2014:11:13:00:00:00,2014:11:14:00:00:00,JSOC_20181028_236
2014:11:15:00:00:00,2014:11:16:00:00:00,JSOC_20181028_236
2014:11:15:00:00:00,2014:11:16:00:00:00,JSOC_20181028_236
2014:11:16:00:00:00,2014:11:17:00:00:00,JSOC_20181028_236
2014:11:20:00:00:00,2014:11:21:00:00:00,JSOC_20181028_236
2014:11:29:00:00:00,2014:11:30:00:00:00,JSOC_20181028_236
2014:12:04:00:00:00,2014:12:05:00:00:00,JSOC_20181122_519
2014:12:07:00:00:00,2014:12:08:00:00:00,JSOC_20181122_520
2014:12:07:00:00:00,2014:12:08:00:00:00,JSOC_20181122_521
2014:12:12:00:00:00,2014:12:13:00:00:00,JSOC_20181028_236
2014:12:10:00:00:00,2014:12:11:00:00:00,JSOC_20181122_522
2014:12:16:00:00:00,2014:12:17:00:00:00,JSOC_20181028_236
2014:12:15:00:00:00,2014:12:16:00:00:00,JSOC_20181028_236
2014:12:15:00:00:00,2014:12:16:00:00:00,JSOC_20181028_236
2014:12:15:00:00:00,2014:12:16:00:00:00,JSOC_20181028_236
2014:12:18:00:00:00,2014:12:19:00:00:00,JSOC_20181028_236
2014:12:21:00:00:00,2014:12:22:00:00:00,JSOC_20181028_236
2014:12:23:00:00:00,2014:12:24:00:00:00,JSOC_20181028_236
2014:12:26:00:00:00,2014:12:27:00:00:00,JSOC_20181028_236
2014:12:27:00:00:00,2014:12:28:00:00:00,JSOC_20181028_236
2015:01:01:00:00:00,2015:01:02:00:00:00,JSOC_20181028_236
2015:01:06:00:00:00,2015:01:07:00:00:00,JSOC_20181028_236
2015:01:11:00:00:00,2015:01:12:00:00:00,JSOC_20181028_236
2015:01:14:00:00:00,2015:01:15:00:00:00,JSOC_20181028_236
2015:01:18:00:00:00,2015:01:19:00:00:00,JSOC_20181028_236
2015:01:19:00:00:00,2015:01:20:00:00:00,JSOC_20181122_369
2015:01:23:00:00:00,2015:01:24:00:00:00,JSOC_20181028_236
2015:01:24:00:00:00,2015:01:25:00:00:00,JSOC_20181028_236
2015:01:27:00:00:00,2015:01:28:00:00:00,JSOC_20181028_236
2015:01:30:00:00:00,2015:01:31:00:00:00,JSOC_20181028_236
2015:01:30:00:00:00,2015:01:31:00:00:00,JSOC_20181028_236
2015:02:17:00:00:00,2015:02:18:00:00:00,JSOC_20181122_523
2015:02:19:00:00:00,2015:02:20:00:00:00,JSOC_20181122_524
2015:02:23:00:00:00,2015:02:24:00:00:00,JSOC_20181122_525
2015:02:23:00:00:00,2015:02:24:00:00:00,JSOC_20181122_526
2015:02:26:00:00:00,2015:02:27:00:00:00,JSOC_20181122_527
2015:03:01:00:00:00,2015:03:02:00:00:00,JSOC_20181122_528
2015:03:07:00:00:00,2015:03:08:00:00:00,JSOC_20181122_529
2015:03:16:00:00:00,2015:03:17:00:00:00,JSOC_20181122_530
2015:03:23:00:00:00,2015:03:24:00:00:00,JSOC_20181122_531
2015:03:28:00:00:00,2015:03:29:00:00:00,JSOC_20181122_532
2015:03:30:00:00:00,2015:03:31:00:00:00,JSOC_20181122_533
2015:04:01:00:00:00,2015:04:02:00:00:00,JSOC_20181122_534
2015:04:08:00:00:00,2015:04:09:00:00:00,JSOC_20181122_535
2015:04:22:00:00:00,2015:04:23:00:00:00,JSOC_20181122_536
2015:05:07:00:00:00,2015:05:08:00:00:00,JSOC_20181122_537
2015:05:11:00:00:00,2015:05:12:00:00:00,JSOC_20181122_538
2015:05:12:00:00:00,2015:05:13:00:00:00,JSOC_20181122_539
2015:05:12:00:00:00,2015:05:13:00:00:00,JSOC_20181122_540
2015:05:15:00:00:00,2015:05:16:00:00:00,JSOC_20181122_541
2015:05:16:00:00:00,2015:05:17:00:00:00,JSOC_20181122_542
2015:05:15:00:00:00,2015:05:16:00:00:00,JSOC_20181122_543
2015:05:18:00:00:00,2015:05:19:00:00:00,JSOC_20181122_544
2015:05:19:00:00:00,2015:05:20:00:00:00,JSOC_20181122_545
2015:05:26:00:00:00,2015:05:27:00:00:00,JSOC_20181122_546
2015:06:01:00:00:00,2015:06:02:00:00:00,JSOC_20181122_548
2015:06:01:00:00:00,2015:06:02:00:00:00,JSOC_20181122_549
2015:06:05:00:00:00,2015:06:06:00:00:00,JSOC_20181122_550
2015:06:15:00:00:00,2015:06:16:00:00:00,JSOC_20181122_551
2015:07:04:00:00:00,2015:07:05:00:00:00,JSOC_20181122_552
2015:07:06:00:00:00,2015:07:07:00:00:00,JSOC_20181122_553
2015:07:12:00:00:00,2015:07:13:00:00:00,JSOC_20181122_561
2015:07:17:00:00:00,2015:07:18:00:00:00,JSOC_20181122_567
2015:07:20:00:00:00,2015:07:21:00:00:00,JSOC_20181122_572
2015:07:25:00:00:00,2015:07:26:00:00:00,JSOC_20181122_574
2015:08:01:00:00:00,2015:08:02:00:00:00,JSOC_20181122_578
2015:08:01:00:00:00,2015:08:02:00:00:00,JSOC_20181122_581
2015:08:02:00:00:00,2015:08:03:00:00:00,JSOC_20181122_582
2015:08:04:00:00:00,2015:08:05:00:00:00,JSOC_20181122_583
2015:08:07:00:00:00,2015:08:08:00:00:00,JSOC_20181122_584
2015:08:11:00:00:00,2015:08:12:00:00:00,JSOC_20181122_585
2015:08:13:00:00:00,2015:08:14:00:00:00,JSOC_20181122_586
2015:08:21:00:00:00,2015:08:22:00:00:00,JSOC_20181122_587
2015:08:31:00:00:00,2015:09:01:00:00:00,JSOC_20181122_588
2015:09:04:00:00:00,2015:09:05:00:00:00,JSOC_20181122_589
2015:09:04:00:00:00,2015:09:05:00:00:00,JSOC_20181122_590
2015:09:08:00:00:00,2015:09:09:00:00:00,JSOC_20181122_591
2015:09:10:00:00:00,2015:09:11:00:00:00,JSOC_20181122_592
2015:09:18:00:00:00,2015:09:19:00:00:00,JSOC_20181122_593
2015:09:25:00:00:00,2015:09:26:00:00:00,JSOC_20181122_594
2015:09:28:00:00:00,2015:09:29:00:00:00,JSOC_20181122_595
2015:09:30:00:00:00,2015:10:01:00:00:00,JSOC_20181122_596
2015:10:10:00:00:00,2015:10:11:00:00:00,JSOC_20181122_597
2015:10:12:00:00:00,2015:10:13:00:00:00,JSOC_20181122_598
2015:10:15:00:00:00,2015:10:16:00:00:00,JSOC_20181122_599
2015:10:14:00:00:00,2015:10:15:00:00:00,JSOC_20181122_600
2015:10:21:00:00:00,2015:10:22:00:00:00,JSOC_20181122_601
2015:10:27:00:00:00,2015:10:28:00:00:00,JSOC_20181122_602
2015:11:02:00:00:00,2015:11:03:00:00:00,JSOC_20181122_603
2015:11:04:00:00:00,2015:11:05:00:00:00,JSOC_20181122_604
2015:11:11:00:00:00,2015:11:12:00:00:00,JSOC_20181122_605
2015:11:08:00:00:00,2015:11:09:00:00:00,JSOC_20181122_606
2015:11:14:00:00:00,2015:11:15:00:00:00,JSOC_20181122_607
2015:11:16:00:00:00,2015:11:17:00:00:00,JSOC_20181122_608
2015:11:29:00:00:00,2015:11:30:00:00:00,JSOC_20181122_609
2015:11:27:00:00:00,2015:11:28:00:00:00,JSOC_20181122_610
2015:12:08:00:00:00,2015:12:09:00:00:00,JSOC_20181122_611
2015:12:10:00:00:00,2015:12:11:00:00:00,JSOC_20181122_612
2015:12:17:00:00:00,2015:12:18:00:00:00,JSOC_20181122_613
2016:01:05:00:00:00,2016:01:06:00:00:00,JSOC_20181122_614
2016:01:06:00:00:00,2016:01:07:00:00:00,JSOC_20181122_615
2016:01:05:00:00:00,2016:01:06:00:00:00,JSOC_20181122_616
2016:01:11:00:00:00,2016:01:12:00:00:00,JSOC_20181122_617
2016:01:11:00:00:00,2016:01:12:00:00:00,JSOC_20181122_618
2016:01:13:00:00:00,2016:01:14:00:00:00,JSOC_20181122_619
2016:01:18:00:00:00,2016:01:19:00:00:00,JSOC_20181122_620
2016:01:22:00:00:00,2016:01:23:00:00:00,JSOC_20181122_621
2016:02:13:00:00:00,2016:02:14:00:00:00,JSOC_20181122_622
2016:02:14:00:00:00,2016:02:15:00:00:00,JSOC_20181122_369
2016:02:29:00:00:00,2016:03:01:00:00:00,JSOC_20181028_236
2016:03:01:00:00:00,2016:03:02:00:00:00,JSOC_20181122_623
2016:03:06:00:00:00,2016:03:07:00:00:00,JSOC_20181028_236
2016:03:05:00:00:00,2016:03:06:00:00:00,JSOC_20181028_236
2016:03:04:00:00:00,2016:03:05:00:00:00,JSOC_20181028_236
2016:03:07:00:00:00,2016:03:08:00:00:00,JSOC_20181028_236
2016:03:14:00:00:00,2016:03:15:00:00:00,JSOC_20181028_236
2016:03:13:00:00:00,2016:03:14:00:00:00,JSOC_20181028_236
2016:03:18:00:00:00,2016:03:19:00:00:00,JSOC_20181028_236
2016:03:29:00:00:00,2016:03:30:00:00:00,JSOC_20181028_236
2016:04:17:00:00:00,2016:04:18:00:00:00,JSOC_20181122_624
2016:04:20:00:00:00,2016:04:21:00:00:00,JSOC_20181122_625
2016:04:25:00:00:00,2016:04:26:00:00:00,JSOC_20181122_626
2016:04:27:00:00:00,2016:04:28:00:00:00,JSOC_20181122_369
2016:04:30:00:00:00,2016:05:01:00:00:00,JSOC_20181122_627
2016:04:29:00:00:00,2016:04:30:00:00:00,JSOC_20181122_628
2016:05:09:00:00:00,2016:05:10:00:00:00,JSOC_20181122_629
2016:05:29:00:00:00,2016:05:30:00:00:00,JSOC_20181122_630
2016:06:15:00:00:00,2016:06:16:00:00:00,JSOC_20181122_631
2016:06:22:00:00:00,2016:06:23:00:00:00,JSOC_20181122_632
2016:07:08:00:00:00,2016:07:09:00:00:00,JSOC_20181122_633
2016:07:12:00:00:00,2016:07:13:00:00:00,JSOC_20181122_634
2016:07:12:00:00:00,2016:07:13:00:00:00,JSOC_20181122_635
2016:07:13:00:00:00,2016:07:14:00:00:00,JSOC_20181122_636
2016:07:16:00:00:00,2016:07:17:00:00:00,JSOC_20181122_637
2016:07:17:00:00:00,2016:07:18:00:00:00,JSOC_20181122_638
2016:07:20:00:00:00,2016:07:21:00:00:00,JSOC_20181122_639
2016:08:01:00:00:00,2016:08:02:00:00:00,JSOC_20181122_640
2016:08:12:00:00:00,2016:08:13:00:00:00,JSOC_20181122_641
2016:08:13:00:00:00,2016:08:14:00:00:00,JSOC_20181122_642
2016:08:13:00:00:00,2016:08:14:00:00:00,JSOC_20181122_643
2016:08:19:00:00:00,2016:08:20:00:00:00,JSOC_20181122_644
2016:08:23:00:00:00,2016:08:24:00:00:00,JSOC_20181122_645
2016:08:26:00:00:00,2016:08:27:00:00:00,JSOC_20181122_646
2016:08:27:00:00:00,2016:08:28:00:00:00,JSOC_20181122_647
2016:09:03:00:00:00,2016:09:04:00:00:00,JSOC_20181122_648
2016:09:05:00:00:00,2016:09:06:00:00:00,JSOC_20181122_649
2016:09:05:00:00:00,2016:09:06:00:00:00,JSOC_20181122_650
2016:09:11:00:00:00,2016:09:12:00:00:00,JSOC_20181122_651
2016:09:20:00:00:00,2016:09:21:00:00:00,JSOC_20181122_652
2016:10:06:00:00:00,2016:10:07:00:00:00,JSOC_20181122_653
2016:10:08:00:00:00,2016:10:09:00:00:00,JSOC_20181122_654
2016:10:11:00:00:00,2016:10:12:00:00:00,JSOC_20181122_655
2016:10:16:00:00:00,2016:10:17:00:00:00,JSOC_20181122_656
2016:10:21:00:00:00,2016:10:22:00:00:00,JSOC_20181122_657
2016:11:01:00:00:00,2016:11:02:00:00:00,JSOC_20181122_658
2016:11:07:00:00:00,2016:11:08:00:00:00,JSOC_20181122_659
2016:11:14:00:00:00,2016:11:15:00:00:00,JSOC_20181122_660
2016:11:21:00:00:00,2016:11:22:00:00:00,JSOC_20181122_661
2016:11:28:00:00:00,2016:11:29:00:00:00,JSOC_20181122_662
2016:11:30:00:00:00,2016:12:01:00:00:00,JSOC_20181122_663
2016:12:19:00:00:00,2016:12:20:00:00:00,JSOC_20181122_664
2017:01:17:00:00:00,2017:01:18:00:00:00,JSOC_20181122_665
2017:01:18:00:00:00,2017:01:19:00:00:00,JSOC_20181122_666
2017:01:22:00:00:00,2017:01:23:00:00:00,JSOC_20181122_667
2017:01:28:00:00:00,2017:01:29:00:00:00,JSOC_20181122_668
2017:02:02:00:00:00,2017:02:03:00:00:00,JSOC_20181122_669
2017:02:10:00:00:00,2017:02:11:00:00:00,JSOC_20181122_670
2017:02:10:00:00:00,2017:02:11:00:00:00,JSOC_20181122_671
2017:02:19:00:00:00,2017:02:20:00:00:00,JSOC_20181122_672
2017:02:23:00:00:00,2017:02:24:00:00:00,JSOC_20181122_673
2017:02:27:00:00:00,2017:02:28:00:00:00,JSOC_20181122_674
2017:03:02:00:00:00,2017:03:03:00:00:00,JSOC_20181122_675
2017:03:26:00:00:00,2017:03:27:00:00:00,JSOC_20181122_676
2017:04:06:00:00:00,2017:04:07:00:00:00,JSOC_20181122_677
2017:04:14:00:00:00,2017:04:15:00:00:00,JSOC_20181122_678
2017:04:23:00:00:00,2017:04:24:00:00:00,JSOC_20181122_679
2017:04:24:00:00:00,2017:04:25:00:00:00,JSOC_20181122_680
2017:04:26:00:00:00,2017:04:27:00:00:00,JSOC_20181122_681
2017:05:01:00:00:00,2017:05:02:00:00:00,JSOC_20181122_682
2017:05:06:00:00:00,2017:05:07:00:00:00,JSOC_20181122_683
2017:05:20:00:00:00,2017:05:21:00:00:00,JSOC_20181122_684
2017:05:17:00:00:00,2017:05:18:00:00:00,JSOC_20181122_685
2017:05:20:00:00:00,2017:05:21:00:00:00,JSOC_20181122_686
2017:05:22:00:00:00,2017:05:23:00:00:00,JSOC_20181122_687
2017:06:18:00:00:00,2017:06:19:00:00:00,JSOC_20181122_688
2017:06:25:00:00:00,2017:06:26:00:00:00,JSOC_20181122_689
2017:08:06:00:00:00,2017:08:07:00:00:00,JSOC_20181122_690
2017:09:08:00:00:00,2017:09:09:00:00:00,JSOC_20181122_691
2017:09:25:00:00:00,2017:09:26:00:00:00,JSOC_20181122_692
2017:09:29:00:00:00,2017:09:30:00:00:00,JSOC_20181122_696
2017:10:26:00:00:00,2017:10:27:00:00:00,JSOC_20181122_697
2017:10:28:00:00:00,2017:10:29:00:00:00,JSOC_20181122_698
2017:11:19:00:00:00,2017:11:20:00:00:00,JSOC_20181122_699
2017:12:13:00:00:00,2017:12:14:00:00:00,JSOC_20181122_700
2017:12:23:00:00:00,2017:12:24:00:00:00,JSOC_20181122_701
2018:01:16:00:00:00,2018:01:17:00:00:00,JSOC_20181122_702
2018:02:02:00:00:00,2018:02:03:00:00:00,JSOC_20181122_703
2018:02:07:00:00:00,2018:02:08:00:00:00,JSOC_20181122_704
2018:04:03:00:00:00,2018:04:04:00:00:00,JSOC_20181122_705
2018:04:16:00:00:00,2018:04:17:00:00:00,JSOC_20181122_706
2018:04:24:00:00:00,2018:04:25:00:00:00,JSOC_20181122_707
2018:04:23:00:00:00,2018:04:24:00:00:00,JSOC_20181122_708
2018:05:08:00:00:00,2018:05:09:00:00:00,JSOC_20181122_709
2018:05:12:00:00:00,2018:05:13:00:00:00,JSOC_20181122_710
2018:05:26:00:00:00,2018:05:27:00:00:00,JSOC_20181122_711
2018:06:17:00:00:00,2018:06:18:00:00:00,JSOC_20181122_712
2018:08:02:00:00:00,2018:08:03:00:00:00,JSOC_20181122_369
2018:08:17:00:00:00,2018:08:18:00:00:00,JSOC_20181122_713
2018:08:22:00:00:00,2018:08:23:00:00:00,JSOC_20181122_714
2018:09:12:00:00:00,2018:09:13:00:00:00,JSOC_20181122_715
