19970105,08009,02,19,N,99:99
19970106,08009,03,32,N,99:99
19970107,08009,04,46,N,99:99
19970108,08009,05,58,N,99:99
19970110,08010,38,61,N,99:99
19970111,08010,38,74,N,99:99
19970112,08010,34,87,N,99:99
19970116,08011,06,09,N,99:99
19970117,08011,05,04,N,99:99
19970118,08011,06,18,N,99:99
19970119,08011,06,31,N,99:99
19970119,08012,27,02,N,99:99
19970119,08013,32,51,N,99:99
19970125,08014,13,44,N,99:99
19970126,08014,12,31,N,99:99
19970128,08014,16,10,N,99:99
19970129,08014,15,05,N,99:99
19970130,08015,07,19,N,99:99
19970131,08015,03,06,N,99:99
19970201,08015,05,07,N,99:99
19970202,08015,04,22,N,99:99
19970203,08015,05,36,N,99:99
19970203,08016,21,09,N,99:99
19970204,08015,05,50,N,99:99
19970204,08016,21,04,N,99:99
19970204,08016,21,04,C,11:11
19970204,08016,21,04,N,99:99
19970205,08015,05,64,N,99:99
19970205,08016,21,17,N,99:99
19970205,08016,21,17,N,99:99
19970205,08016,21,17,C,11:11
19970206,08015,05,78,N,99:99
19970206,08016,20,31,N,99:99
19970207,08015,06,91,N,99:99
19970207,08016,20,45,N,99:99
19970207,08017,35,73,N,99:99
19970208,08015,04,91,N,99:99
19970208,08016,19,58,N,99:99
19970208,08017,33,85,N,99:99
19970209,08016,20,71,N,99:99
19970210,08016,19,84,N,99:99
19970219,08018,10,74,N,99:99
19970219,08018,10,74,C,22:17
19970219,08018,10,74,N,99:99
19970220,08018,05,90,N,99:99
19970220,08018,05,90,N,99:99
19970220,08018,05,90,C,22:17
19970225,08019,25,42,N,99:99
19970226,08019,26,27,N,99:99
19970307,08020,06,60,N,99:99
19970308,08020,07,48,N,99:99
19970309,08020,06,34,N,99:99
19970309,08021,30,29,N,99:99
19970310,08020,06,18,N,99:99
19970310,08021,29,17,N,99:99
19970311,08020,07,09,N,99:99
19970312,08020,07,06,N,99:99
19970313,08020,07,19,N,99:99
19970314,08020,08,33,N,99:99
19970315,08020,08,45,N,99:99
19970315,08021,29,45,N,99:99
19970315,08022,05,35,N,99:99
19970316,08020,07,58,N,99:99
19970316,08021,31,58,N,99:99
19970316,08022,04,48,N,99:99
19970316,08022,04,48,N,99:99
19970317,08021,33,67,N,99:99
19970317,08022,04,61,N,99:99
19970318,08022,04,75,N,99:99
19970319,08022,06,87,N,99:99
19970319,08023,10,36,N,99:99
19970329,08026,24,46,N,99:99
19970330,08026,24,33,N,99:99
19970331,08026,25,19,N,99:99
19970401,08026,24,07,N,99:99
19970401,08026,24,07,C,07:52
19970401,08026,24,07,N,99:99
19970402,08026,25,06,N,99:99
19970402,08026,25,06,C,05:24
19970402,08026,25,06,C,00:28
19970402,08026,25,06,N,99:99
19970402,08026,25,06,C,07:52
19970403,08026,24,15,N,99:99
19970403,08026,24,15,N,99:99
19970403,08026,24,15,C,05:24
19970403,08026,24,15,C,00:28
19970403,08027,30,64,N,99:99
19970404,08026,23,28,N,99:99
19970404,08027,27,51,N,99:99
19970405,08026,23,38,N,99:99
19970405,08027,29,38,N,99:99
19970406,08026,23,55,N,99:99
19970406,08027,28,24,N,99:99
19970407,08026,23,65,N,99:99
19970407,08027,28,11,N,99:99
19970407,08027,28,11,C,13:50
19970407,08027,28,11,N,99:99
19970408,08027,28,01,N,99:99
19970408,08027,28,01,N,99:99
19970408,08027,28,01,C,13:50
19970409,08027,28,13,N,99:99
19970409,08028,07,64,N,99:99
19970410,08027,28,26,N,99:99
19970410,08029,24,32,N,99:99
19970412,08027,28,52,N,99:99
19970412,08029,24,58,N,99:99
19970413,08029,24,72,N,99:99
19970413,08031,30,50,N,99:99
19970414,08029,24,87,N,99:99
19970414,08031,30,63,N,99:99
19970415,08029,24,91,N,99:99
19970415,08031,29,76,N,99:99
19970415,08032,23,07,N,99:99
19970415,08032,23,07,C,14:00
19970415,08032,23,07,N,99:99
19970416,08031,30,91,N,99:99
19970416,08032,22,07,N,99:99
19970416,08032,22,07,N,99:99
19970416,08032,22,07,C,14:00
19970419,08032,23,47,N,99:99
19970420,08034,21,29,N,99:99
19970423,08035,17,50,N,99:99
19970424,08035,18,37,N,99:99
19970425,08035,18,21,N,99:99
19970426,08035,18,09,N,99:99
19970427,08035,18,04,N,99:99
19970427,08036,18,50,N,99:99
19970429,08036,18,77,N,99:99
19970430,08036,16,91,N,99:99
19970504,08037,26,43,N,99:99
19970505,08037,25,56,N,99:99
19970507,08038,20,45,N,99:99
19970508,08038,20,32,N,99:99
19970509,08038,21,14,N,99:99
19970509,08039,23,45,N,99:99
19970510,08038,21,07,N,99:99
19970511,08038,21,06,N,99:99
19970511,08039,23,65,N,99:99
19970512,08038,21,19,N,99:99
19970512,08038,21,19,C,04:42
19970512,08038,21,19,N,99:99
19970512,08039,23,78,N,99:99
19970513,08038,21,32,N,99:99
19970513,08038,21,32,N,99:99
19970513,08038,21,32,C,04:42
19970514,08038,20,44,N,99:99
19970515,08038,20,57,N,99:99
19970516,08038,20,71,N,99:99
19970517,08038,21,83,N,99:99
19970517,08040,06,42,N,99:99
19970518,08038,24,91,N,99:99
19970518,08040,03,27,N,99:99
19970518,08041,04,10,N,99:99
19970518,08042,25,33,N,99:99
19970519,08040,06,14,N,99:99
19970519,08041,06,05,N,99:99
19970520,08040,05,01,N,99:99
19970520,08043,28,53,N,99:99
19970520,08044,35,64,N,99:99
19970521,08040,05,14,N,99:99
19970521,08040,05,14,M,20:03
19970521,08040,05,14,C,06:04
19970521,08040,05,14,N,99:99
19970521,08043,28,66,N,99:99
19970521,08044,36,51,N,99:99
19970523,08040,05,40,N,99:99
19970523,08043,27,91,N,99:99
19970523,08044,35,29,N,99:99
19970523,08045,02,27,N,99:99
19970524,08040,07,55,N,99:99
19970524,08044,35,15,N,99:99
19970524,08045,03,42,N,99:99
19970524,08046,26,54,N,99:99
19970525,08040,06,68,N,99:99
19970525,08044,35,04,N,99:99
19970525,08045,01,57,N,99:99
19970525,08046,25,41,N,99:99
19970526,08040,08,84,N,99:99
19970526,08044,34,09,N,99:99
19970526,08045,03,70,N,99:99
19970526,08046,27,28,N,99:99
19970527,08040,08,91,N,99:99
19970527,08045,03,84,N,99:99
19970527,08045,03,84,C,09:31
19970527,08045,03,84,N,99:99
19970527,08046,27,15,N,99:99
19970528,08045,02,91,N,99:99
19970528,08045,02,91,N,99:99
19970528,08045,02,91,C,09:31
19970528,08046,26,01,N,99:99
19970528,08047,26,55,N,99:99
19970530,08046,26,29,N,99:99
19970530,08047,26,31,N,99:99
19970531,08047,27,18,N,99:99
19970531,08048,28,42,N,99:99
19970531,08049,26,04,N,99:99
19970601,08047,27,06,N,99:99
19970601,08048,29,28,N,99:99
19970602,08047,26,05,N,99:99
19970602,08048,29,15,N,99:99
19970603,08047,26,17,N,99:99
19970603,08048,28,02,N,99:99
19970604,08048,28,10,N,99:99
19970605,08048,28,26,N,99:99
19970606,08048,27,37,N,99:99
19970607,08048,28,50,N,99:99
19970608,08048,28,63,N,99:99
19970609,08048,28,78,N,99:99
19970609,08050,27,43,N,99:99
19970609,08051,21,22,N,99:99
19970610,08048,28,91,N,99:99
19970610,08050,27,30,N,99:99
19970611,08050,28,17,N,99:99
19970612,08050,28,04,N,99:99
19970613,08050,29,10,N,99:99
19970613,08052,17,26,N,99:99
19970614,08050,29,23,N,99:99
19970614,08052,17,13,N,99:99
19970615,08050,29,35,N,99:99
19970615,08052,18,00,N,99:99
19970616,08050,28,47,N,99:99
19970616,08052,18,12,N,99:99
19970617,08050,30,59,N,99:99
19970617,08052,18,25,N,99:99
19970618,08050,27,73,N,99:99
19970618,08052,19,37,N,99:99
19970619,08052,18,53,N,99:99
19970619,08053,27,18,N,99:99
19970620,08053,26,04,N,99:99
19970621,08053,27,07,N,99:99
19970621,08054,07,86,N,99:99
19970622,08053,27,20,N,99:99
19970623,08055,15,06,N,99:99
19970624,08055,15,20,N,99:99
19970625,08055,15,35,N,99:99
19970626,08055,15,48,N,99:99
19970626,08056,17,32,N,99:99
19970627,08056,17,47,N,99:99
19970628,08056,17,61,N,99:99
19970629,08056,17,75,N,99:99
19970629,08056,17,75,C,23:41
19970629,08056,17,75,N,99:99
19970629,08057,30,01,N,99:99
19970630,08056,19,83,N,99:99
19970630,08056,19,83,N,99:99
19970630,08056,19,83,C,23:41
19970630,08057,31,16,N,99:99
19970703,08058,19,31,N,99:99
19970704,08058,22,17,N,99:99
19970705,08059,30,11,N,99:99
19970706,08059,30,27,N,99:99
19970707,08059,32,36,N,99:99
19970708,08059,31,49,N,99:99
19970708,08060,05,05,N,99:99
19970709,08059,31,63,N,99:99
19970709,08060,05,08,N,99:99
19970710,08059,34,74,N,99:99
19970710,08060,04,23,N,99:99
19970711,08060,05,36,N,99:99
19970715,08061,21,15,N,99:99
19970718,08062,23,53,N,99:99
19970719,08062,23,39,N,99:99
19970721,08063,25,25,N,99:99
19970723,08064,22,62,N,99:99
19970724,08062,27,22,N,99:99
19970724,08064,24,48,N,99:99
19970726,08062,28,50,N,99:99
19970726,08064,22,20,N,99:99
19970726,08065,18,70,N,99:99
19970726,08065,18,70,N,99:99
19970726,08065,18,70,C,18:45
19970726,08065,18,70,C,05:15
19970726,08066,22,60,N,99:99
19970727,08062,28,65,N,99:99
19970727,08064,22,07,N,99:99
19970727,08065,17,84,N,99:99
19970727,08066,23,46,N,99:99
19970728,08062,28,78,N,99:99
19970728,08064,22,09,N,99:99
19970728,08065,16,91,N,99:99
19970728,08066,24,33,N,99:99
19970729,08064,24,19,N,99:99
19970729,08066,26,22,N,99:99
19970731,08066,24,04,N,99:99
19970803,08067,06,51,N,99:99
19970804,08067,05,38,N,99:99
19970804,08068,22,20,N,99:99
19970805,08068,22,05,N,99:99
19970806,08068,21,07,N,99:99
19970806,08069,21,48,N,99:99
19970806,08070,20,40,N,99:99
19970807,08068,21,22,N,99:99
19970807,08069,21,61,N,99:99
19970807,08070,19,26,N,99:99
19970808,08068,20,35,N,99:99
19970808,08069,21,75,N,99:99
19970808,08070,19,12,N,99:99
19970809,08068,19,50,N,99:99
19970809,08069,23,87,N,99:99
19970809,08069,23,87,C,16:30
19970809,08069,23,87,C,12:04
19970809,08069,23,87,N,99:99
19970809,08070,20,02,N,99:99
19970809,08071,21,49,N,99:99
19970810,08069,21,91,N,99:99
19970810,08069,21,91,N,99:99
19970810,08069,21,91,C,16:30
19970810,08069,21,91,C,12:04
19970810,08070,20,14,N,99:99
19970810,08071,26,36,N,99:99
19970810,08072,21,08,N,99:99
19970811,08070,20,28,N,99:99
19970811,08071,26,24,N,99:99
19970812,08070,20,43,N,99:99
19970812,08071,25,07,N,99:99
19970812,08073,14,60,N,99:99
19970812,08074,26,62,N,99:99
19970813,08070,20,55,N,99:99
19970813,08071,26,06,N,99:99
19970813,08073,15,47,N,99:99
19970813,08074,26,50,N,99:99
19970814,08070,20,68,N,99:99
19970814,08071,26,20,N,99:99
19970814,08071,26,20,C,01:12
19970814,08071,26,20,N,99:99
19970814,08073,14,35,N,99:99
19970814,08074,26,39,N,99:99
19970815,08070,19,81,N,99:99
19970815,08071,26,35,N,99:99
19970815,08071,26,35,N,99:99
19970815,08071,26,35,C,01:12
19970815,08073,14,22,N,99:99
19970815,08074,27,25,N,99:99
19970816,08070,20,91,N,99:99
19970816,08071,26,49,N,99:99
19970816,08073,15,09,N,99:99
19970816,08074,27,14,N,99:99
19970816,08075,29,33,N,99:99
19970817,08073,15,06,N,99:99
19970817,08074,27,02,N,99:99
19970817,08075,29,18,N,99:99
19970818,08073,15,18,N,99:99
19970818,08074,27,15,N,99:99
19970819,08073,14,31,N,99:99
19970820,08073,14,45,N,99:99
19970821,08073,14,58,N,99:99
19970822,08073,13,74,N,99:99
19970823,08073,14,85,N,99:99
19970824,08073,13,91,N,99:99
19970826,08076,29,50,N,99:99
19970826,08076,29,50,C,05:26
19970826,08076,29,50,C,00:51
19970826,08076,29,50,N,99:99
19970826,08076,29,50,C,16:25
19970826,08076,29,50,C,15:18
19970826,08077,23,46,N,99:99
19970827,08076,30,38,N,99:99
19970827,08076,30,38,N,99:99
19970827,08076,30,38,C,05:26
19970827,08076,30,38,C,00:51
19970827,08077,22,32,N,99:99
19970828,08076,29,24,N,99:99
19970828,08078,17,12,N,99:99
19970829,08076,29,11,N,99:99
19970829,08076,29,11,C,17:23
19970829,08076,29,11,N,99:99
19970829,08078,16,02,N,99:99
19970829,08079,15,04,N,99:99
19970830,08076,28,02,N,99:99
19970830,08076,28,02,C,11:07
19970830,08076,28,02,N,99:99
19970830,08076,28,02,C,17:23
19970830,08078,21,08,N,99:99
19970830,08079,15,17,N,99:99
19970831,08076,28,14,N,99:99
19970831,08076,28,14,C,22:18
19970831,08076,28,14,C,19:04
19970831,08076,28,14,C,11:26
19970831,08076,28,14,N,99:99
19970831,08076,28,14,C,11:07
19970831,08078,20,18,N,99:99
19970831,08080,18,45,N,99:99
19970901,08076,29,28,N,99:99
19970901,08076,29,28,N,99:99
19970901,08076,29,28,C,22:18
19970901,08076,29,28,C,19:04
19970901,08076,29,28,C,11:26
19970901,08078,21,33,N,99:99
19970901,08080,18,57,N,99:99
19970901,08081,34,59,N,99:99
19970902,08076,28,41,N,99:99
19970902,08076,28,41,C,23:54
19970902,08076,28,41,C,21:06
19970902,08076,28,41,C,16:35
19970902,08076,28,41,M,12:25
19970902,08076,28,41,N,99:99
19970902,08078,21,46,N,99:99
19970902,08080,18,70,N,99:99
19970902,08081,34,48,N,99:99
19970902,08082,22,57,N,99:99
19970903,08076,28,55,N,99:99
19970903,08076,28,55,C,15:09
19970903,08076,28,55,C,06:39
19970903,08076,28,55,C,02:05
19970903,08076,28,55,N,99:99
19970903,08076,28,55,C,23:54
19970903,08076,28,55,C,21:06
19970903,08076,28,55,C,16:35
19970903,08076,28,55,M,12:25
19970903,08078,21,59,N,99:99
19970903,08081,34,37,N,99:99
19970903,08082,21,45,N,99:99
19970904,08076,28,68,N,99:99
19970904,08076,28,68,N,99:99
19970904,08076,28,68,C,15:09
19970904,08076,28,68,C,06:39
19970904,08076,28,68,C,02:05
19970904,08081,34,24,N,99:99
19970904,08083,28,42,N,99:99
19970905,08076,27,78,N,99:99
19970905,08076,27,78,C,13:20
19970905,08076,27,78,N,99:99
19970905,08081,33,13,N,99:99
19970905,08082,22,23,N,99:99
19970905,08083,27,28,N,99:99
19970906,08076,26,91,N,99:99
19970906,08076,26,91,N,99:99
19970906,08076,26,91,C,13:20
19970906,08081,33,04,N,99:99
19970906,08082,21,09,N,99:99
19970906,08083,27,15,N,99:99
19970906,08084,22,51,N,99:99
19970907,08076,25,91,N,99:99
19970907,08081,30,07,N,99:99
19970907,08082,21,04,N,99:99
19970907,08083,27,02,N,99:99
19970907,08084,22,38,N,99:99
19970907,08085,24,62,N,99:99
19970907,08085,24,62,C,06:06
19970907,08085,24,62,N,99:99
19970908,08081,34,26,N,99:99
19970908,08082,21,17,N,99:99
19970908,08083,28,09,N,99:99
19970908,08083,28,09,M,19:23
19970908,08083,28,09,N,99:99
19970908,08084,21,23,N,99:99
19970908,08085,25,51,N,99:99
19970908,08085,25,51,C,17:35
19970908,08085,25,51,C,13:42
19970908,08085,25,51,C,10:24
19970908,08085,25,51,N,99:99
19970908,08085,25,51,C,06:06
19970909,08082,21,30,N,99:99
19970909,08083,28,22,N,99:99
19970909,08083,28,22,N,99:99
19970909,08083,28,22,M,19:23
19970909,08084,21,13,N,99:99
19970909,08085,25,40,N,99:99
19970909,08085,25,40,C,18:35
19970909,08085,25,40,C,09:45
19970909,08085,25,40,N,99:99
19970909,08085,25,40,C,17:35
19970909,08085,25,40,C,13:42
19970909,08085,25,40,C,10:24
19970910,08082,21,44,N,99:99
19970910,08083,28,35,N,99:99
19970910,08084,22,00,N,99:99
19970910,08085,25,27,N,99:99
19970910,08085,25,27,N,99:99
19970910,08085,25,27,C,18:35
19970910,08085,25,27,C,09:45
19970911,08083,28,48,N,99:99
19970911,08084,22,14,N,99:99
19970911,08085,26,14,N,99:99
19970912,08083,28,61,N,99:99
19970912,08084,22,26,N,99:99
19970912,08084,22,26,C,20:04
19970912,08084,22,26,C,18:55
19970912,08084,22,26,C,02:07
19970912,08084,22,26,N,99:99
19970912,08085,26,02,N,99:99
19970912,08086,27,63,N,99:99
19970913,08083,27,72,N,99:99
19970913,08084,22,39,N,99:99
19970913,08084,22,39,N,99:99
19970913,08084,22,39,C,20:04
19970913,08084,22,39,C,18:55
19970913,08084,22,39,C,02:07
19970913,08085,26,11,N,99:99
19970914,08083,28,86,N,99:99
19970914,08083,28,86,C,02:50
19970914,08083,28,86,N,99:99
19970914,08084,22,52,N,99:99
19970914,08084,22,52,C,20:11
19970914,08084,22,52,N,99:99
19970914,08085,26,25,N,99:99
19970914,08085,26,25,C,10:43
19970914,08085,26,25,N,99:99
19970914,08086,27,37,N,99:99
19970914,08086,27,37,C,16:58
19970914,08086,27,37,N,99:99
19970915,08083,27,91,N,99:99
19970915,08083,27,91,N,99:99
19970915,08083,27,91,C,02:50
19970915,08084,22,66,N,99:99
19970915,08084,22,66,C,06:38
19970915,08084,22,66,C,02:02
19970915,08084,22,66,N,99:99
19970915,08084,22,66,C,20:11
19970915,08085,26,38,N,99:99
19970915,08085,26,38,N,99:99
19970915,08085,26,38,C,10:43
19970915,08086,28,25,N,99:99
19970915,08086,28,25,C,21:07
19970915,08086,28,25,C,18:35
19970915,08086,28,25,C,13:49
19970915,08086,28,25,N,99:99
19970915,08086,28,25,C,16:58
19970916,08084,21,77,N,99:99
19970916,08084,21,77,C,22:06
19970916,08084,21,77,N,99:99
19970916,08084,21,77,C,06:38
19970916,08084,21,77,C,02:02
19970916,08085,26,50,N,99:99
19970916,08086,27,14,N,99:99
19970916,08086,27,14,N,99:99
19970916,08086,27,14,C,21:07
19970916,08086,27,14,C,18:35
19970916,08086,27,14,C,13:49
19970917,08084,22,90,N,99:99
19970917,08084,22,90,M,17:45
19970917,08084,22,90,M,11:35
19970917,08084,22,90,N,99:99
19970917,08084,22,90,C,22:06
19970917,08085,25,68,N,99:99
19970917,08085,25,68,C,17:25
19970917,08085,25,68,N,99:99
19970917,08086,28,01,N,99:99
19970918,08084,22,91,N,99:99
19970918,08084,22,91,N,99:99
19970918,08084,22,91,M,17:45
19970918,08084,22,91,M,11:35
19970918,08085,25,85,N,99:99
19970918,08085,25,85,N,99:99
19970918,08085,25,85,C,17:25
19970918,08086,27,13,N,99:99
19970919,08085,25,91,N,99:99
19970919,08085,25,91,C,01:39
19970919,08085,25,91,N,99:99
19970919,08086,28,24,N,99:99
19970920,08086,27,38,N,99:99
19970921,08086,29,51,N,99:99
19970922,08086,26,67,N,99:99
19970922,08087,22,59,N,99:99
19970922,08087,22,59,C,11:19
19970922,08087,22,59,C,00:46
19970922,08087,22,59,N,99:99
19970922,08088,28,40,N,99:99
19970922,08088,28,40,C,18:06
19970922,08088,28,40,C,14:10
19970922,08088,28,40,C,09:05
19970922,08088,28,40,C,06:04
19970922,08088,28,40,N,99:99
19970923,08086,25,81,N,99:99
19970923,08087,21,45,N,99:99
19970923,08087,21,45,N,99:99
19970923,08087,21,45,C,11:19
19970923,08087,21,45,C,00:46
19970923,08088,28,25,N,99:99
19970923,08088,28,25,N,99:99
19970923,08088,28,25,C,18:06
19970923,08088,28,25,C,14:10
19970923,08088,28,25,C,09:05
19970923,08088,28,25,C,06:04
19970924,08086,25,91,N,99:99
19970924,08087,21,31,N,99:99
19970924,08088,28,11,N,99:99
19970924,08088,28,11,C,18:24
19970924,08088,28,11,M,10:57
19970924,08088,28,11,C,09:06
19970924,08088,28,11,C,06:54
19970924,08088,28,11,C,05:23
19970924,08088,28,11,M,02:43
19970924,08088,28,11,N,99:99
19970925,08087,22,19,N,99:99
19970925,08088,28,03,N,99:99
19970925,08088,28,03,C,11:40
19970925,08088,28,03,C,03:17
19970925,08088,28,03,N,99:99
19970925,08088,28,03,C,18:24
19970925,08088,28,03,M,10:57
19970925,08088,28,03,C,09:06
19970925,08088,28,03,C,06:54
19970925,08088,28,03,C,05:23
19970925,08088,28,03,M,02:43
19970926,08087,23,10,N,99:99
19970926,08088,28,16,N,99:99
19970926,08088,28,16,C,03:12
19970926,08088,28,16,N,99:99
19970926,08088,28,16,C,11:40
19970926,08088,28,16,C,03:17
19970927,08087,26,01,N,99:99
19970927,08088,29,29,N,99:99
19970927,08088,29,29,N,99:99
19970927,08088,29,29,C,03:12
19970928,08087,25,07,N,99:99
19970928,08088,29,43,N,99:99
19970929,08088,29,54,N,99:99
19970929,08088,29,54,C,16:20
19970929,08088,29,54,N,99:99
19970930,08088,29,68,N,99:99
19970930,08088,29,68,N,99:99
19970930,08088,29,68,C,16:20
19970930,08089,20,57,N,99:99
19971001,08088,29,80,N,99:99
19971001,08090,27,56,N,99:99
19971002,08088,29,91,N,99:99
19971002,08090,27,42,N,99:99
19971002,08090,27,42,C,02:38
19971002,08090,27,42,N,99:99
19971002,08091,22,59,N,99:99
19971003,08090,27,28,N,99:99
19971003,08090,27,28,N,99:99
19971003,08090,27,28,C,02:38
19971003,08091,25,47,N,99:99
19971004,08090,27,15,N,99:99
19971004,08091,25,34,N,99:99
19971005,08090,27,02,N,99:99
19971005,08091,23,21,N,99:99
19971006,08090,28,10,N,99:99
19971006,08091,23,08,N,99:99
19971007,08090,28,23,N,99:99
19971007,08091,24,06,N,99:99
19971008,08090,13,38,N,99:99
19971008,08091,24,22,N,99:99
19971008,08092,24,44,N,99:99
19971009,08092,24,28,N,99:99
19971010,08092,25,15,N,99:99
19971010,08093,32,28,N,99:99
19971011,08092,24,00,N,99:99
19971011,08093,31,14,N,99:99
19971011,08094,23,37,N,99:99
19971012,08093,31,01,N,99:99
19971012,08094,21,50,N,99:99
19971013,08092,27,21,N,99:99
19971013,08093,31,12,N,99:99
19971013,08094,20,63,N,99:99
19971013,08094,20,63,C,23:11
19971013,08094,20,63,N,99:99
19971013,08095,33,29,N,99:99
19971014,08093,31,25,N,99:99
19971014,08094,20,76,N,99:99
19971014,08094,20,76,N,99:99
19971014,08094,20,76,C,23:11
19971014,08095,33,19,N,99:99
19971015,08093,31,36,N,99:99
19971015,08094,21,87,N,99:99
19971015,08096,14,48,N,99:99
19971016,08093,30,50,N,99:99
19971016,08096,15,33,N,99:99
19971016,08097,18,63,N,99:99
19971017,08093,30,63,N,99:99
19971017,08096,14,20,N,99:99
19971017,08097,16,55,N,99:99
19971018,08093,31,75,N,99:99
19971018,08096,13,07,N,99:99
19971018,08097,17,43,N,99:99
19971019,08093,31,88,N,99:99
19971019,08096,13,06,N,99:99
19971019,08097,17,29,N,99:99
19971020,08093,27,91,N,99:99
19971020,08096,13,17,N,99:99
19971020,08097,17,12,N,99:99
19971021,08096,13,30,N,99:99
19971021,08097,16,01,N,99:99
19971021,08097,16,01,C,17:00
19971021,08097,16,01,N,99:99
19971022,08096,13,43,N,99:99
19971022,08097,16,15,N,99:99
19971022,08097,16,15,N,99:99
19971022,08097,16,15,C,17:00
19971023,08097,16,28,N,99:99
19971025,08098,26,16,N,99:99
19971026,08099,20,51,N,99:99
19971027,08099,19,39,N,99:99
19971028,08098,23,56,N,99:99
19971028,08099,19,24,N,99:99
19971028,08100,21,54,N,99:99
19971028,08100,21,54,C,12:51
19971028,08100,21,54,C,03:25
19971028,08100,21,54,N,99:99
19971029,08098,23,70,N,99:99
19971029,08099,19,10,N,99:99
19971029,08100,20,42,N,99:99
19971029,08100,20,42,N,99:99
19971029,08100,20,42,C,12:51
19971029,08100,20,42,C,03:25
19971030,08099,20,02,N,99:99
19971030,08100,21,31,N,99:99
19971031,08099,20,16,N,99:99
19971031,08100,19,17,N,99:99
19971101,08099,18,31,N,99:99
19971101,08100,20,02,N,99:99
19971101,08101,19,83,N,99:99
19971102,08099,18,49,N,99:99
19971102,08100,19,12,N,99:99
19971102,08100,19,12,C,20:41
19971102,08100,19,12,C,02:58
19971102,08100,19,12,N,99:99
19971102,08101,18,91,N,99:99
19971103,08099,18,65,N,99:99
19971103,08100,19,25,N,99:99
19971103,08100,19,25,C,23:33
19971103,08100,19,25,C,22:16
19971103,08100,19,25,C,21:20
19971103,08100,19,25,M,19:55
19971103,08100,19,25,C,19:03
19971103,08100,19,25,C,18:08
19971103,08100,19,25,C,17:00
19971103,08100,19,25,C,13:44
19971103,08100,19,25,C,12:19
19971103,08100,19,25,M,09:03
19971103,08100,19,25,C,08:13
19971103,08100,19,25,C,04:32
19971103,08100,19,25,C,01:45
19971103,08100,19,25,N,99:99
19971103,08100,19,25,C,20:41
19971103,08100,19,25,C,02:58
19971103,08102,30,01,N,99:99
19971104,08099,18,79,N,99:99
19971104,08100,20,40,N,99:99
19971104,08100,20,40,C,21:06
19971104,08100,20,40,C,17:23
19971104,08100,20,40,C,08:03
19971104,08100,20,40,C,07:14
19971104,08100,20,40,X,05:52
19971104,08100,20,40,M,02:32
19971104,08100,20,40,M,01:27
19971104,08100,20,40,C,01:13
19971104,08100,20,40,N,99:99
19971104,08100,20,40,C,23:33
19971104,08100,20,40,C,22:16
19971104,08100,20,40,C,21:20
19971104,08100,20,40,M,19:55
19971104,08100,20,40,C,19:03
19971104,08100,20,40,C,18:08
19971104,08100,20,40,C,17:00
19971104,08100,20,40,C,13:44
19971104,08100,20,40,C,12:19
19971104,08100,20,40,M,09:03
19971104,08100,20,40,C,08:13
19971104,08100,20,40,C,04:32
19971104,08100,20,40,C,01:45
19971104,08102,30,11,N,99:99
19971105,08100,21,52,N,99:99
19971105,08100,21,52,C,16:28
19971105,08100,21,52,C,06:17
19971105,08100,21,52,N,99:99
19971105,08100,21,52,C,21:06
19971105,08100,21,52,C,17:23
19971105,08100,21,52,C,08:03
19971105,08100,21,52,C,07:14
19971105,08100,21,52,X,05:52
19971105,08100,21,52,M,02:32
19971105,08100,21,52,M,01:27
19971105,08100,21,52,C,01:13
19971105,08103,24,04,N,99:99
19971105,08103,24,04,C,18:38
19971105,08103,24,04,N,99:99
19971106,08100,20,66,N,99:99
19971106,08100,20,66,C,11:31
19971106,08100,20,66,C,03:12
19971106,08100,20,66,N,99:99
19971106,08100,20,66,C,16:28
19971106,08100,20,66,C,06:17
19971106,08103,23,16,N,99:99
19971106,08103,23,16,N,99:99
19971106,08103,23,16,C,18:38
19971107,08100,19,81,N,99:99
19971107,08100,19,81,N,99:99
19971107,08100,19,81,C,11:31
19971107,08100,19,81,C,03:12
19971107,08103,22,30,N,99:99
19971107,08103,22,30,C,09:18
19971107,08103,22,30,N,99:99
19971108,08100,19,90,N,99:99
19971108,08103,22,46,N,99:99
19971108,08103,22,46,N,99:99
19971108,08103,22,46,C,09:18
19971108,08104,30,59,N,99:99
19971109,08100,20,91,N,99:99
19971109,08103,23,55,N,99:99
19971109,08104,28,42,N,99:99
19971109,08105,35,08,N,99:99
19971110,08103,20,73,N,99:99
19971110,08103,20,73,C,07:00
19971110,08103,20,73,C,05:18
19971110,08103,20,73,N,99:99
19971110,08104,30,28,N,99:99
19971110,08105,29,01,N,99:99
19971111,08103,19,83,N,99:99
19971111,08103,19,83,C,10:18
19971111,08103,19,83,C,07:07
19971111,08103,19,83,N,99:99
19971111,08103,19,83,C,07:00
19971111,08103,19,83,C,05:18
19971111,08104,29,15,N,99:99
19971112,08103,20,91,N,99:99
19971112,08103,20,91,N,99:99
19971112,08103,20,91,C,10:18
19971112,08103,20,91,C,07:07
19971112,08106,28,57,N,99:99
19971113,08103,20,91,N,99:99
19971113,08106,28,69,N,99:99
19971113,08106,28,69,C,17:40
19971113,08106,28,69,N,99:99
19971114,08106,28,84,N,99:99
19971114,08106,28,84,N,99:99
19971114,08106,28,84,C,17:40
19971114,08107,25,39,N,99:99
19971114,08108,21,65,N,99:99
19971114,08108,21,65,C,09:05
19971114,08108,21,65,C,01:23
19971114,08108,21,65,N,99:99
19971115,08106,28,91,N,99:99
19971115,08107,24,53,N,99:99
19971115,08108,19,54,N,99:99
19971115,08108,19,54,M,22:31
19971115,08108,19,54,C,01:21
19971115,08108,19,54,N,99:99
19971115,08108,19,54,C,09:05
19971115,08108,19,54,C,01:23
19971116,08107,24,65,N,99:99
19971116,08108,20,45,N,99:99
19971116,08108,20,45,C,01:21
19971116,08108,20,45,N,99:99
19971116,08108,20,45,M,22:31
19971116,08108,20,45,C,01:21
19971117,08107,26,82,N,99:99
19971117,08108,21,29,N,99:99
19971117,08108,21,29,N,99:99
19971117,08108,21,29,C,01:21
19971117,08109,18,52,N,99:99
19971118,08107,24,91,N,99:99
19971118,08108,21,16,N,99:99
19971118,08109,18,37,N,99:99
19971119,08108,19,03,N,99:99
19971119,08109,19,25,N,99:99
19971119,08110,27,41,N,99:99
19971120,08108,19,10,N,99:99
19971120,08109,19,12,N,99:99
19971120,08110,28,26,N,99:99
19971121,08108,19,24,N,99:99
19971121,08108,19,24,C,17:00
19971121,08108,19,24,C,15:57
19971121,08108,19,24,C,13:10
19971121,08108,19,24,C,06:08
19971121,08108,19,24,N,99:99
19971121,08109,19,02,N,99:99
19971122,08108,19,35,N,99:99
19971122,08108,19,35,N,99:99
19971122,08108,19,35,C,17:00
19971122,08108,19,35,C,15:57
19971122,08108,19,35,C,13:10
19971122,08108,19,35,C,06:08
19971122,08109,19,13,N,99:99
19971124,08108,19,65,N,99:99
19971124,08108,19,65,C,03:55
19971124,08108,19,65,N,99:99
19971124,08108,19,65,C,15:34
19971124,08108,19,65,C,02:36
19971124,08109,18,44,N,99:99
19971124,08111,24,48,N,99:99
19971124,08112,17,45,N,99:99
19971125,08108,20,79,N,99:99
19971125,08108,20,79,N,99:99
19971125,08108,20,79,C,03:55
19971125,08109,18,61,N,99:99
19971125,08111,24,35,N,99:99
19971125,08112,20,33,N,99:99
19971126,08108,19,91,N,99:99
19971126,08109,21,73,N,99:99
19971126,08111,23,22,N,99:99
19971126,08112,16,19,N,99:99
19971126,08113,19,74,N,99:99
19971126,08113,19,74,M,18:31
19971126,08113,19,74,C,17:53
19971126,08113,19,74,C,04:38
19971126,08113,19,74,N,99:99
19971127,08108,18,91,N,99:99
19971127,08111,22,07,N,99:99
19971127,08113,20,64,N,99:99
19971127,08113,20,64,C,16:10
19971127,08113,20,64,X,12:59
19971127,08113,20,64,N,99:99
19971127,08113,20,64,M,18:31
19971127,08113,20,64,C,17:53
19971127,08113,20,64,C,04:38
19971128,08109,22,91,N,99:99
19971128,08111,22,07,N,99:99
19971128,08113,20,47,N,99:99
19971128,08113,20,47,C,19:25
19971128,08113,20,47,C,18:21
19971128,08113,20,47,C,15:38
19971128,08113,20,47,C,15:09
19971128,08113,20,47,M,04:53
19971128,08113,20,47,C,00:16
19971128,08113,20,47,N,99:99
19971128,08113,20,47,C,16:10
19971128,08113,20,47,X,12:59
19971129,08111,21,19,N,99:99
19971129,08113,20,35,N,99:99
19971129,08113,20,35,M,22:28
19971129,08113,20,35,C,19:29
19971129,08113,20,35,C,09:19
19971129,08113,20,35,C,05:01
19971129,08113,20,35,N,99:99
19971129,08113,20,35,C,19:25
19971129,08113,20,35,C,18:21
19971129,08113,20,35,C,15:38
19971129,08113,20,35,C,15:09
19971129,08113,20,35,M,04:53
19971129,08113,20,35,C,00:16
19971130,08111,22,32,N,99:99
19971130,08113,20,23,N,99:99
19971130,08113,20,23,C,07:02
19971130,08113,20,23,C,06:49
19971130,08113,20,23,N,99:99
19971130,08113,20,23,M,22:28
19971130,08113,20,23,C,19:29
19971130,08113,20,23,C,09:19
19971130,08113,20,23,C,05:01
19971201,08113,22,08,N,99:99
19971201,08113,22,08,C,19:08
19971201,08113,22,08,C,18:37
19971201,08113,22,08,C,13:23
19971201,08113,22,08,C,12:21
19971201,08113,22,08,M,02:32
19971201,08113,22,08,C,00:26
19971201,08113,22,08,N,99:99
19971201,08113,22,08,C,07:02
19971201,08113,22,08,C,06:49
19971202,08112,20,56,N,99:99
19971202,08113,21,04,N,99:99
19971202,08113,21,04,N,99:99
19971202,08113,21,04,C,19:08
19971202,08113,21,04,C,18:37
19971202,08113,21,04,C,13:23
19971202,08113,21,04,C,12:21
19971202,08113,21,04,M,02:32
19971202,08113,21,04,C,00:26
19971203,08113,20,17,N,99:99
19971203,08113,20,17,C,13:49
19971203,08113,20,17,C,07:04
19971203,08113,20,17,C,04:13
19971203,08113,20,17,C,03:23
19971203,08113,20,17,C,00:56
19971203,08113,20,17,N,99:99
19971204,08113,21,29,N,99:99
19971204,08113,21,29,C,05:41
19971204,08113,21,29,N,99:99
19971204,08113,21,29,C,13:49
19971204,08113,21,29,C,07:04
19971204,08113,21,29,C,04:13
19971204,08113,21,29,C,03:23
19971204,08113,21,29,C,00:56
19971204,08114,30,09,N,99:99
19971205,08113,21,41,N,99:99
19971205,08113,21,41,N,99:99
19971205,08113,21,41,C,05:41
19971205,08114,30,21,N,99:99
19971206,08113,20,55,N,99:99
19971206,08114,30,34,N,99:99
19971206,08115,32,32,N,99:99
19971206,08116,25,27,N,99:99
19971207,08113,21,68,N,99:99
19971207,08115,33,47,N,99:99
19971207,08116,26,14,N,99:99
19971208,08113,20,83,N,99:99
19971208,08114,28,64,N,99:99
19971208,08115,33,59,N,99:99
19971208,08116,25,00,N,99:99
19971208,08117,23,24,N,99:99
19971209,08113,19,91,N,99:99
19971209,08115,34,72,N,99:99
19971209,08116,25,16,N,99:99
19971209,08117,22,10,N,99:99
19971209,08118,38,24,N,99:99
19971209,08119,32,13,N,99:99
19971209,08120,22,22,N,99:99
19971210,08115,33,85,N,99:99
19971210,08116,25,28,N,99:99
19971210,08117,22,03,N,99:99
19971210,08118,39,12,N,99:99
19971210,08119,32,26,N,99:99
19971210,08120,22,09,N,99:99
19971211,08116,26,41,N,99:99
19971211,08118,39,04,N,99:99
19971211,08119,33,38,N,99:99
19971211,08120,22,03,N,99:99
19971211,08121,25,68,N,99:99
19971212,08116,26,54,N,99:99
19971212,08118,39,16,N,99:99
19971212,08119,32,51,N,99:99
19971212,08119,32,51,C,07:14
19971212,08119,32,51,N,99:99
19971212,08120,21,19,N,99:99
19971212,08121,25,81,N,99:99
19971212,08122,31,19,N,99:99
19971213,08116,26,66,N,99:99
19971213,08118,38,27,N,99:99
19971213,08119,33,62,N,99:99
19971213,08119,33,62,N,99:99
19971213,08119,33,62,C,07:14
19971213,08122,31,31,N,99:99
19971214,08116,24,81,N,99:99
19971214,08118,40,40,N,99:99
19971214,08119,31,76,N,99:99
19971214,08120,20,44,N,99:99
19971214,08122,30,46,N,99:99
19971214,08122,30,46,C,15:23
19971214,08122,30,46,N,99:99
19971215,08116,25,91,N,99:99
19971215,08118,41,52,N,99:99
19971215,08119,31,91,N,99:99
19971215,08122,29,61,N,99:99
19971215,08122,29,61,N,99:99
19971215,08122,29,61,C,15:23
19971215,08123,19,48,N,99:99
19971215,08123,19,48,C,18:34
19971215,08123,19,48,N,99:99
19971216,08118,39,65,N,99:99
19971216,08119,32,91,N,99:99
19971216,08122,31,73,N,99:99
19971216,08123,18,32,N,99:99
19971216,08123,18,32,N,99:99
19971216,08123,18,32,C,18:34
19971217,08118,40,77,N,99:99
19971217,08122,30,85,N,99:99
19971217,08123,18,18,N,99:99
19971218,08118,39,91,N,99:99
19971218,08122,32,91,N,99:99
19971218,08123,18,06,N,99:99
19971219,08123,19,07,N,99:99
19971220,08123,18,22,N,99:99
19971221,08123,18,34,N,99:99
19971221,08124,22,65,N,99:99
19971222,08123,18,50,N,99:99
19971222,08124,22,53,N,99:99
19971222,08124,22,53,C,15:17
19971222,08124,22,53,C,07:57
19971222,08124,22,53,N,99:99
19971223,08123,18,65,N,99:99
19971223,08124,22,41,N,99:99
19971223,08124,22,41,N,99:99
19971223,08124,22,41,C,15:17
19971223,08124,22,41,C,07:57
19971224,08123,18,78,N,99:99
19971224,08124,22,27,N,99:99
19971224,08125,19,28,N,99:99
19971224,08126,20,66,N,99:99
19971225,08123,18,91,N,99:99
19971225,08124,22,14,N,99:99
19971225,08125,19,15,N,99:99
19971225,08126,21,53,N,99:99
19971226,08124,22,01,N,99:99
19971226,08124,22,01,C,05:51
19971226,08124,22,01,N,99:99
19971226,08125,19,03,N,99:99
19971226,08126,21,41,N,99:99
19971227,08124,22,12,N,99:99
19971227,08124,22,12,C,16:28
19971227,08124,22,12,N,99:99
19971227,08124,22,12,C,05:51
19971227,08126,20,28,N,99:99
19971227,08127,17,68,N,99:99
19971228,08124,21,25,N,99:99
19971228,08124,21,25,N,99:99
19971228,08124,21,25,C,16:28
19971228,08126,21,15,N,99:99
19971228,08128,28,67,N,99:99
19971229,08124,20,37,N,99:99
19971229,08126,22,03,N,99:99
19971229,08128,28,81,N,99:99
19971230,08124,20,50,N,99:99
19971230,08126,19,08,N,99:99
19971230,08128,27,91,N,99:99
19971230,08129,28,23,N,99:99
19971230,08130,29,17,N,99:99
19971231,08124,22,68,N,99:99
19971231,08124,22,68,C,20:18
19971231,08124,22,68,C,18:19
19971231,08124,22,68,N,99:99
19971231,08126,21,23,N,99:99
19971231,08126,21,23,C,06:55
19971231,08126,21,23,N,99:99
19971231,08130,29,03,N,99:99
