20170101,12622,N11,W83,N,99:99
20170102,12622,N11,W91,N,99:99
20170102,12623,S06,W19,N,99:99
20170103,12623,S06,W34,N,99:99
20170104,12624,S08,W69,N,99:99
20170104,12623,S06,W49,N,99:99
20170105,12623,S06,W64,N,99:99
20170105,12624,S08,W83,N,99:99
20170106,12623,S06,W79,N,99:99
20170106,12624,S06,W91,N,99:99
20170107,12623,S06,W91,N,99:99
20170113,12625,N03,E60,N,99:99
20170114,12625,N03,E46,N,99:99
20170114,12626,N08,E55,N,99:99
20170115,12625,N03,E33,N,99:99
20170115,12626,N08,E43,N,99:99
20170116,12625,N03,E19,N,99:99
20170116,12626,N09,E30,N,99:99
20170117,12625,N01,E06,N,99:99
20170117,12626,N08,E17,N,99:99
20170118,12625,N01,W06,N,99:99
20170118,12626,N08,E04,N,99:99
20170119,12625,N00,W19,N,99:99
20170119,12626,N07,W09,N,99:99
20170120,12625,N00,W32,N,99:99
20170120,12626,N08,W23,N,99:99
20170121,12625,N00,W47,N,99:99
20170121,12626,N08,W36,N,99:99
20170121,12627,N05,E16,N,99:99
20170121,12628,N12,E37,N,99:99
20170121,12628,N12,E37,C,13:19
20170121,12628,N12,E37,C,10:59
20170121,12628,N12,E37,C,10:19
20170121,12628,N12,E37,C,09:40
20170121,12628,N12,E37,C,07:14
20170121,12628,N12,E37,C,06:23
20170121,12628,N12,E37,N,99:99
20170122,12625,N01,W54,N,99:99
20170122,12626,N08,W43,N,99:99
20170122,12627,N06,E09,N,99:99
20170122,12628,N12,E30,N,99:99
20170122,12628,N12,E30,N,99:99
20170122,12628,N12,E30,C,13:19
20170122,12628,N12,E30,C,10:59
20170122,12628,N12,E30,C,10:19
20170122,12628,N12,E30,C,09:40
20170122,12628,N12,E30,C,07:14
20170122,12628,N12,E30,C,06:23
20170123,12625,N01,W74,N,99:99
20170123,12626,N08,W62,N,99:99
20170123,12627,N06,W11,N,99:99
20170123,12628,N12,E09,N,99:99
20170124,12626,N08,W75,N,99:99
20170124,12627,N06,W24,N,99:99
20170124,12628,N12,W05,N,99:99
20170124,12625,N01,W89,N,99:99
20170125,12626,N08,W86,N,99:99
20170125,12627,N06,W37,N,99:99
20170125,12628,N13,W17,N,99:99
20170125,12629,N15,E47,N,99:99
20170126,12627,N06,W51,N,99:99
20170126,12628,N12,W34,N,99:99
20170126,12629,N15,E32,N,99:99
20170126,12626,N08,W91,N,99:99
20170127,12628,N11,W46,N,99:99
20170127,12629,N15,E19,N,99:99
20170127,12627,N04,W62,N,99:99
20170128,12628,N12,W60,N,99:99
20170128,12629,N15,E06,N,99:99
20170128,12627,N04,W77,N,99:99
20170129,12628,N12,W76,N,99:99
20170129,12629,N15,W07,N,99:99
20170129,12627,N04,W90,N,99:99
20170129,12627,N04,W90,N,99:99
20170129,12627,N04,W90,C,20:56
20170130,12628,N11,W91,N,99:99
20170130,12629,N15,W22,N,99:99
20170131,12629,N15,W34,N,99:99
20170131,12630,N16,E42,N,99:99
20170131,12631,S04,W36,N,99:99
20170201,12629,N15,W50,N,99:99
20170201,12631,S05,W50,N,99:99
20170201,12632,N14,W20,N,99:99
20170201,12630,N16,E27,N,99:99
20170202,12629,N15,W59,N,99:99
20170202,12632,N14,W30,N,99:99
20170202,12630,N16,E17,N,99:99
20170202,12631,S04,W60,N,99:99
20170203,12629,N16,W77,N,99:99
20170203,12632,N14,W48,N,99:99
20170203,12633,N14,W63,N,99:99
20170203,12630,N16,W01,N,99:99
20170203,12631,S04,W79,N,99:99
20170204,12629,N16,W90,N,99:99
20170204,12632,N16,W62,N,99:99
20170204,12633,N15,W76,N,99:99
20170204,12630,N16,W15,N,99:99
20170204,12631,S04,W91,N,99:99
20170205,12629,N16,W91,N,99:99
20170205,12632,N16,W76,N,99:99
20170205,12630,N16,W29,N,99:99
20170205,12633,N15,W90,N,99:99
20170206,12632,N14,W88,N,99:99
20170206,12634,N02,E58,N,99:99
20170206,12630,N16,W43,N,99:99
20170207,12634,N05,E44,N,99:99
20170207,12630,N16,W57,N,99:99
20170207,12632,N14,W91,N,99:99
20170208,12634,N03,E32,N,99:99
20170208,12630,N16,W71,N,99:99
20170209,12630,N16,W85,N,99:99
20170209,12634,N03,E17,N,99:99
20170210,12635,N13,E01,N,99:99
20170210,12630,N16,W91,N,99:99
20170210,12634,N03,E04,N,99:99
20170211,12635,N14,W12,N,99:99
20170211,12634,N03,W10,N,99:99
20170212,12635,N12,W27,N,99:99
20170212,12634,N03,W24,N,99:99
20170213,12635,N12,W39,N,99:99
20170213,12634,N03,W38,N,99:99
20170214,12635,N12,W52,N,99:99
20170214,12634,N03,W52,N,99:99
20170215,12635,N12,W65,N,99:99
20170215,12634,N03,W67,N,99:99
20170216,12635,N13,W78,N,99:99
20170216,12636,N11,E41,N,99:99
20170216,12634,N03,W82,N,99:99
20170217,12635,N13,W91,N,99:99
20170217,12636,N11,E28,N,99:99
20170217,12634,N03,W91,N,99:99
20170218,12636,N11,E15,N,99:99
20170219,12636,N11,E03,N,99:99
20170220,12636,N11,W11,N,99:99
20170220,12637,S03,E49,N,99:99
20170221,12637,S04,E35,N,99:99
20170221,12638,N18,E46,N,99:99
20170221,12636,N11,W25,N,99:99
20170222,12638,N18,E37,N,99:99
20170222,12636,N11,W39,N,99:99
20170222,12637,S04,E20,N,99:99
20170223,12638,N19,E23,N,99:99
20170223,12638,N19,E23,N,99:99
20170223,12638,N19,E23,C,13:03
20170223,12636,N11,W53,N,99:99
20170223,12637,S04,E05,N,99:99
20170224,12638,N18,E08,N,99:99
20170224,12638,N18,E08,C,00:04
20170224,12638,N18,E08,N,99:99
20170224,12638,N18,E08,C,20:36
20170224,12636,N11,W67,N,99:99
20170224,12637,S04,W10,N,99:99
20170225,12638,N18,W04,N,99:99
20170225,12638,N18,W04,N,99:99
20170225,12638,N18,W04,C,00:04
20170225,12639,S09,W46,N,99:99
20170225,12636,N11,W81,N,99:99
20170225,12637,S04,W25,N,99:99
20170226,12638,N18,W15,N,99:99
20170226,12639,S08,W60,N,99:99
20170226,12636,N11,W91,N,99:99
20170226,12637,S04,W40,N,99:99
20170227,12638,N18,W28,N,99:99
20170227,12639,S08,W73,N,99:99
20170227,12640,N11,E12,N,99:99
20170227,12637,S04,W55,N,99:99
20170228,12638,N16,W41,N,99:99
20170228,12640,N09,W01,N,99:99
20170228,12641,N15,E34,N,99:99
20170228,12637,S04,W70,N,99:99
20170228,12639,S08,W86,N,99:99
20170301,12638,N16,W55,N,99:99
20170301,12640,N08,W16,N,99:99
20170301,12641,N15,E14,N,99:99
20170301,12637,S04,W85,N,99:99
20170301,12639,S08,W91,N,99:99
20170302,12638,N16,W67,N,99:99
20170302,12640,N09,W30,N,99:99
20170302,12641,N14,E07,N,99:99
20170302,12642,N14,W01,N,99:99
20170302,12637,S04,W91,N,99:99
20170303,12638,N16,W81,N,99:99
20170303,12640,N08,W45,N,99:99
20170303,12641,N15,W08,N,99:99
20170303,12642,N15,W15,N,99:99
20170304,12638,N16,W91,N,99:99
20170304,12641,N15,W22,N,99:99
20170304,12642,N15,W29,N,99:99
20170304,12640,N08,W59,N,99:99
20170305,12640,N08,W73,N,99:99
20170305,12641,N15,W36,N,99:99
20170305,12642,N15,W43,N,99:99
20170306,12641,N15,W50,N,99:99
20170306,12640,N08,W87,N,99:99
20170306,12642,N15,W57,N,99:99
20170307,12640,N08,W91,N,99:99
20170307,12641,N15,W61,N,99:99
20170307,12642,N15,W71,N,99:99
20170308,12641,N15,W75,N,99:99
20170308,12642,N15,W85,N,99:99
20170309,12641,N15,W89,N,99:99
20170309,12642,N15,W91,N,99:99
20170322,12643,N09,E60,N,99:99
20170323,12643,N08,E44,N,99:99
20170324,12643,N08,E30,N,99:99
20170325,12643,N08,E17,N,99:99
20170326,12643,N08,E04,N,99:99
20170327,12644,N12,E18,N,99:99
20170327,12643,N08,W10,N,99:99
20170328,12644,N13,E05,N,99:99
20170328,12644,N13,E05,C,00:19
20170328,12644,N13,E05,C,00:16
20170328,12644,N13,E05,N,99:99
20170328,12645,S09,E47,N,99:99
20170328,12645,S09,E47,C,09:55
20170328,12645,S09,E47,C,07:12
20170328,12645,S09,E47,C,04:47
20170328,12645,S09,E47,C,03:20
20170328,12645,S09,E47,C,03:18
20170328,12645,S09,E47,N,99:99
20170328,12646,N06,W72,N,99:99
20170328,12643,N08,W24,N,99:99
20170329,12644,N12,W08,N,99:99
20170329,12645,S09,E32,N,99:99
20170329,12645,S09,E32,N,99:99
20170329,12645,S09,E32,C,09:55
20170329,12645,S09,E32,C,07:12
20170329,12645,S09,E32,C,04:47
20170329,12646,N07,W86,N,99:99
20170329,12643,N08,W38,N,99:99
20170330,12644,N12,W21,N,99:99
20170330,12645,S10,E17,N,99:99
20170330,12646,N06,W91,N,99:99
20170330,12643,N08,W52,N,99:99
20170331,12644,N12,W35,N,99:99
20170331,12645,S10,E04,N,99:99
20170331,12645,S10,E04,C,17:28
20170331,12645,S10,E04,N,99:99
20170331,12643,N08,W66,N,99:99
20170401,12644,N12,W49,N,99:99
20170401,12645,S10,W11,N,99:99
20170401,12645,S10,W11,N,99:99
20170401,12645,S10,W11,C,22:54
20170401,12645,S10,W11,C,22:40
20170401,12645,S10,W11,C,17:28
20170401,12647,N11,W11,N,99:99
20170401,12643,N08,W80,N,99:99
20170402,12644,N12,W64,N,99:99
20170402,12644,N12,W64,C,16:20
20170402,12644,N12,W64,M,12:52
20170402,12644,N12,W64,M,07:50
20170402,12644,N12,W64,C,04:55
20170402,12644,N12,W64,N,99:99
20170402,12644,N12,W64,M,21:35
20170402,12644,N12,W64,C,19:30
20170402,12645,S11,W25,N,99:99
20170402,12645,S11,W25,C,02:41
20170402,12645,S11,W25,N,99:99
20170402,12647,N11,W25,N,99:99
20170402,12648,S03,E60,N,99:99
20170402,12643,N08,W91,N,99:99
20170403,12644,N12,W77,N,99:99
20170403,12645,S10,W38,N,99:99
20170403,12648,S03,E49,N,99:99
20170403,12647,N11,W39,N,99:99
20170404,12644,N13,W91,N,99:99
20170404,12644,N13,W91,C,13:31
20170404,12644,N13,W91,C,12:12
20170404,12644,N13,W91,C,09:46
20170404,12644,N13,W91,C,07:02
20170404,12644,N13,W91,N,99:99
20170404,12644,N13,W91,C,23:43
20170404,12644,N13,W91,C,22:51
20170404,12644,N13,W91,C,21:13
20170404,12644,N13,W91,C,20:07
20170404,12644,N13,W91,C,19:06
20170404,12644,N13,W91,M,14:19
20170404,12644,N13,W91,C,13:18
20170404,12644,N13,W91,C,12:16
20170404,12645,S10,W52,N,99:99
20170404,12645,S10,W52,C,16:14
20170404,12645,S10,W52,C,06:09
20170404,12645,S10,W52,C,00:35
20170404,12645,S10,W52,N,99:99
20170404,12645,S10,W52,C,13:01
20170404,12645,S10,W52,C,11:40
20170404,12645,S10,W52,C,11:07
20170404,12648,S03,E38,N,99:99
20170404,12648,S03,E38,C,01:28
20170404,12648,S03,E38,N,99:99
20170404,12649,N15,W70,N,99:99
20170404,12647,N11,W53,N,99:99
20170405,12644,N13,W91,N,99:99
20170405,12645,S10,W65,N,99:99
20170405,12648,S03,E25,N,99:99
20170405,12649,N14,W82,N,99:99
20170405,12647,N11,W67,N,99:99
20170406,12645,S10,W79,N,99:99
20170406,12645,S10,W79,C,12:01
20170406,12645,S10,W79,C,10:15
20170406,12645,S10,W79,N,99:99
20170406,12645,S10,W79,C,08:37
20170406,12645,S10,W79,C,04:51
20170406,12648,S02,E10,N,99:99
20170406,12647,N11,W81,N,99:99
20170406,12649,N14,W91,N,99:99
20170407,12645,S10,W91,N,99:99
20170407,12645,S10,W91,C,00:13
20170407,12645,S10,W91,N,99:99
20170407,12645,S10,W91,C,12:01
20170407,12645,S10,W91,C,10:15
20170407,12648,S03,W05,N,99:99
20170407,12647,N11,W91,N,99:99
20170408,12645,S09,W91,N,99:99
20170408,12645,S09,W91,C,08:47
20170408,12645,S09,W91,C,02:55
20170408,12645,S09,W91,N,99:99
20170408,12645,S09,W91,C,19:42
20170408,12645,S09,W91,C,00:13
20170408,12648,S03,W16,N,99:99
20170409,12648,S03,W31,N,99:99
20170410,12650,N08,E59,N,99:99
20170410,12648,S03,W46,N,99:99
20170411,12650,N09,E44,N,99:99
20170411,12648,S03,W61,N,99:99
20170412,12650,N11,E28,N,99:99
20170412,12648,S03,W76,N,99:99
20170413,12650,N10,E15,N,99:99
20170413,12648,S03,W91,N,99:99
20170414,12650,N08,E02,N,99:99
20170415,12650,N08,W14,N,99:99
20170416,12650,N08,W28,N,99:99
20170417,12650,N08,W42,N,99:99
20170418,12650,N08,W56,N,99:99
20170419,12651,N12,E55,N,99:99
20170419,12650,N08,W70,N,99:99
20170420,12651,N13,E49,N,99:99
20170420,12650,N08,W80,N,99:99
20170421,12651,N12,E35,N,99:99
20170421,12652,N13,E51,N,99:99
20170421,12650,N08,W91,N,99:99
20170422,12651,N12,E18,N,99:99
20170422,12652,N13,E33,N,99:99
20170422,12653,S09,E64,N,99:99
20170423,12651,N12,E05,N,99:99
20170423,12653,S09,E45,N,99:99
20170423,12652,N13,E19,N,99:99
20170424,12651,N12,W05,N,99:99
20170424,12652,N14,E08,N,99:99
20170424,12653,S09,E36,N,99:99
20170425,12651,N11,W21,N,99:99
20170425,12652,N13,W11,N,99:99
20170425,12653,S08,E22,N,99:99
20170426,12651,N11,W35,N,99:99
20170426,12652,N13,W25,N,99:99
20170426,12653,S11,E09,N,99:99
20170427,12651,N11,W47,N,99:99
20170427,12652,N14,W38,N,99:99
20170427,12653,S09,W04,N,99:99
20170428,12651,N10,W62,N,99:99
20170428,12653,S09,W18,N,99:99
20170428,12652,N14,W52,N,99:99
20170429,12651,N12,W75,N,99:99
20170429,12653,S09,W32,N,99:99
20170429,12654,N10,E40,N,99:99
20170429,12652,N14,W66,N,99:99
20170430,12651,N12,W88,N,99:99
20170430,12653,S09,W45,N,99:99
20170430,12654,N11,E26,N,99:99
20170430,12652,N14,W80,N,99:99
20170501,12651,N13,W91,N,99:99
20170501,12653,S09,W58,N,99:99
20170501,12654,N11,E13,N,99:99
20170501,12652,N14,W91,N,99:99
20170502,12653,S08,W73,N,99:99
20170502,12654,N11,W03,N,99:99
20170503,12653,S08,W87,N,99:99
20170503,12654,N11,W13,N,99:99
20170504,12654,N12,W26,N,99:99
20170504,12653,S08,W91,N,99:99
20170505,12654,N11,W39,N,99:99
20170505,12655,N13,E23,N,99:99
20170506,12654,N11,W52,N,99:99
20170506,12655,N14,E11,N,99:99
20170507,12654,N11,W67,N,99:99
20170507,12655,N13,W03,N,99:99
20170508,12654,N11,W80,N,99:99
20170508,12655,N14,W18,N,99:99
20170509,12654,N11,W91,N,99:99
20170509,12655,N16,W31,N,99:99
20170510,12655,N16,W45,N,99:99
20170511,12655,N16,W59,N,99:99
20170512,12655,N16,W73,N,99:99
20170513,12655,N16,W87,N,99:99
20170514,12655,N16,W91,N,99:99
20170517,12656,N12,E48,N,99:99
20170517,12657,N07,E07,N,99:99
20170518,12656,N11,E36,N,99:99
20170518,12657,N07,W08,N,99:99
20170519,12656,N12,E22,N,99:99
20170519,12658,S08,E24,N,99:99
20170519,12657,N07,W22,N,99:99
20170520,12656,N12,E08,N,99:99
20170520,12658,S08,E10,N,99:99
20170520,12657,N07,W36,N,99:99
20170521,12656,N11,W06,N,99:99
20170521,12658,S07,W05,N,99:99
20170521,12657,N07,W50,N,99:99
20170522,12656,N11,W20,N,99:99
20170522,12658,S07,W19,N,99:99
20170522,12659,N14,E12,N,99:99
20170522,12657,N07,W64,N,99:99
20170523,12656,N11,W30,N,99:99
20170523,12658,S08,W32,N,99:99
20170523,12659,N14,W03,N,99:99
20170523,12660,S11,W29,N,99:99
20170523,12657,N07,W79,N,99:99
20170524,12656,N11,W42,N,99:99
20170524,12658,S07,W49,N,99:99
20170524,12659,N13,W20,N,99:99
20170524,12660,S11,W40,N,99:99
20170524,12657,N07,W91,N,99:99
20170525,12659,N12,W32,N,99:99
20170525,12656,N11,W55,N,99:99
20170525,12658,S07,W64,N,99:99
20170525,12660,S11,W54,N,99:99
20170526,12659,N13,W46,N,99:99
20170526,12656,N11,W69,N,99:99
20170526,12658,S07,W79,N,99:99
20170526,12660,S11,W68,N,99:99
20170527,12659,N14,W59,N,99:99
20170527,12656,N11,W83,N,99:99
20170527,12658,S07,W91,N,99:99
20170527,12660,S11,W82,N,99:99
20170528,12659,N13,W71,N,99:99
20170528,12656,N11,W91,N,99:99
20170528,12660,S11,W91,N,99:99
20170529,12659,N13,W84,N,99:99
20170529,12660,S11,W91,N,99:99
20170530,12659,N13,W91,N,99:99
20170601,12661,N06,E65,N,99:99
20170601,12661,N06,E65,C,20:22
20170601,12661,N06,E65,C,17:56
20170601,12661,N06,E65,C,17:34
20170601,12661,N06,E65,C,09:22
20170601,12661,N06,E65,C,06:52
20170601,12661,N06,E65,C,01:12
20170601,12661,N06,E65,N,99:99
20170602,12661,N05,E50,N,99:99
20170602,12661,N05,E50,C,17:50
20170602,12661,N05,E50,C,12:15
20170602,12661,N05,E50,C,01:42
20170602,12661,N05,E50,N,99:99
20170602,12661,N05,E50,C,21:32
20170602,12661,N05,E50,C,21:31
20170602,12661,N05,E50,C,20:22
20170602,12661,N05,E50,C,17:56
20170602,12661,N05,E50,C,17:34
20170602,12661,N05,E50,C,09:22
20170602,12661,N05,E50,C,06:53
20170602,12661,N05,E50,C,06:52
20170603,12661,N06,E40,N,99:99
20170603,12661,N06,E40,C,14:47
20170603,12661,N06,E40,C,09:37
20170603,12661,N06,E40,N,99:99
20170603,12661,N06,E40,C,17:50
20170603,12661,N06,E40,C,01:42
20170604,12661,N06,E25,N,99:99
20170604,12661,N06,E25,N,99:99
20170604,12661,N06,E25,C,19:21
20170604,12661,N06,E25,C,14:47
20170604,12661,N06,E25,C,09:37
20170605,12661,N06,E12,N,99:99
20170605,12661,N06,E12,C,05:14
20170605,12661,N06,E12,N,99:99
20170606,12661,N06,W01,N,99:99
20170607,12661,N06,W15,N,99:99
20170607,12661,N06,W15,C,02:12
20170607,12661,N06,W15,N,99:99
20170608,12661,N07,W25,N,99:99
20170608,12661,N07,W25,N,99:99
20170608,12661,N07,W25,C,02:12
20170609,12661,N07,W36,N,99:99
20170610,12661,N07,W51,N,99:99
20170611,12661,N07,W66,N,99:99
20170612,12661,N07,W81,N,99:99
20170613,12661,N07,W91,N,99:99
20170614,12662,N12,E56,N,99:99
20170615,12662,N12,E41,N,99:99
20170616,12662,N12,E28,N,99:99
20170616,12663,N14,W14,N,99:99
20170617,12662,N12,E14,N,99:99
20170617,12663,N13,W28,N,99:99
20170618,12662,N11,E01,N,99:99
20170618,12663,N12,W42,N,99:99
20170619,12662,N12,W12,N,99:99
20170619,12663,N12,W55,N,99:99
20170620,12662,N12,W26,N,99:99
20170620,12663,N13,W69,N,99:99
20170621,12662,N12,W39,N,99:99
20170621,12663,N14,W86,N,99:99
20170621,12664,N18,E58,N,99:99
20170622,12662,N13,W52,N,99:99
20170622,12663,N14,W91,N,99:99
20170622,12664,N17,E46,N,99:99
20170623,12662,N13,W65,N,99:99
20170623,12664,N17,E33,N,99:99
20170624,12662,N13,W79,N,99:99
20170624,12664,N18,E21,N,99:99
20170625,12662,N13,W91,N,99:99
20170625,12664,N18,E07,N,99:99
20170626,12664,N18,W07,N,99:99
20170627,12664,N18,W21,N,99:99
20170628,12664,N18,W33,N,99:99
20170629,12664,N18,W47,N,99:99
20170630,12664,N18,W60,N,99:99
20170701,12664,N17,W72,N,99:99
20170702,12664,N18,W85,N,99:99
20170703,12664,N18,W91,N,99:99
20170706,12665,S05,E64,N,99:99
20170707,12665,S06,E50,N,99:99
20170707,12665,S06,E50,C,13:37
20170707,12665,S06,E50,N,99:99
20170708,12665,S06,E38,N,99:99
20170708,12665,S06,E38,N,99:99
20170708,12665,S06,E38,C,13:37
20170709,12665,S06,E24,N,99:99
20170709,12665,S06,E24,C,11:44
20170709,12665,S06,E24,C,08:55
20170709,12665,S06,E24,C,07:28
20170709,12665,S06,E24,C,06:15
20170709,12665,S06,E24,M,03:09
20170709,12665,S06,E24,N,99:99
20170709,12665,S06,E24,C,23:50
20170710,12665,S06,E10,N,99:99
20170710,12665,S06,E10,C,00:00
20170710,12665,S06,E10,N,99:99
20170710,12665,S06,E10,C,11:44
20170710,12665,S06,E10,C,08:55
20170710,12665,S06,E10,C,07:28
20170710,12665,S06,E10,C,06:15
20170711,12665,S06,W03,N,99:99
20170711,12665,S06,W03,C,20:18
20170711,12665,S06,W03,N,99:99
20170711,12665,S06,W03,C,00:00
20170712,12665,S06,W17,N,99:99
20170712,12665,S06,W17,N,99:99
20170712,12665,S06,W17,C,20:18
20170713,12665,S06,W31,N,99:99
20170713,12666,N13,W20,N,99:99
20170714,12665,S07,W44,N,99:99
20170714,12665,S07,W44,C,19:18
20170714,12665,S07,W44,M,01:07
20170714,12665,S07,W44,C,00:12
20170714,12665,S07,W44,N,99:99
20170714,12666,N13,W34,N,99:99
20170715,12665,S06,W57,N,99:99
20170715,12665,S06,W57,C,19:26
20170715,12665,S06,W57,C,16:22
20170715,12665,S06,W57,C,10:50
20170715,12665,S06,W57,C,03:46
20170715,12665,S06,W57,C,00:20
20170715,12665,S06,W57,N,99:99
20170715,12665,S06,W57,C,19:18
20170715,12665,S06,W57,M,01:07
20170715,12665,S06,W57,C,00:12
20170715,12666,N12,W46,N,99:99
20170715,12667,N12,W91,N,99:99
20170716,12665,S05,W71,N,99:99
20170716,12665,S05,W71,C,17:54
20170716,12665,S05,W71,C,10:53
20170716,12665,S05,W71,C,10:32
20170716,12665,S05,W71,C,07:23
20170716,12665,S05,W71,C,01:58
20170716,12665,S05,W71,N,99:99
20170716,12665,S05,W71,C,19:26
20170716,12665,S05,W71,C,16:22
20170716,12665,S05,W71,C,10:50
20170716,12665,S05,W71,C,03:46
20170716,12666,N13,W61,N,99:99
20170716,12667,N12,W91,N,99:99
20170717,12665,S06,W84,N,99:99
20170717,12665,S06,W84,C,03:24
20170717,12665,S06,W84,N,99:99
20170717,12665,S06,W84,C,17:54
20170717,12665,S06,W84,C,10:53
20170717,12665,S06,W84,C,10:32
20170717,12665,S06,W84,C,07:23
20170717,12666,N15,W70,N,99:99
20170718,12665,S06,W91,N,99:99
20170718,12665,S06,W91,C,08:20
20170718,12665,S06,W91,C,06:21
20170718,12665,S06,W91,C,05:32
20170718,12665,S06,W91,C,00:31
20170718,12665,S06,W91,N,99:99
20170718,12665,S06,W91,C,17:09
20170718,12665,S06,W91,C,03:24
20170718,12666,N15,W84,N,99:99
20170719,12666,N15,W91,N,99:99
20170726,12668,N03,W42,N,99:99
20170727,12668,N03,W55,N,99:99
20170728,12668,N03,W70,N,99:99
20170729,12668,N03,W85,N,99:99
20170730,12669,N18,W39,N,99:99
20170730,12668,N03,W91,N,99:99
20170731,12669,N18,W51,N,99:99
20170801,12669,N18,W65,N,99:99
20170802,12669,N18,W79,N,99:99
20170803,12670,S05,E44,N,99:99
20170803,12669,N18,W91,N,99:99
20170804,12670,S05,E31,N,99:99
20170805,12670,S04,E18,N,99:99
20170806,12670,S06,E06,N,99:99
20170807,12670,S05,W10,N,99:99
20170808,12670,S06,W23,N,99:99
20170809,12670,S05,W35,N,99:99
20170810,12670,S06,W47,N,99:99
20170811,12670,S07,W61,N,99:99
20170812,12670,S07,W73,N,99:99
20170813,12670,S07,W86,N,99:99
20170814,12670,S07,W91,N,99:99
20170815,12671,N11,E59,N,99:99
20170815,12671,N11,E59,C,12:20
20170815,12671,N11,E59,C,02:08
20170815,12671,N11,E59,N,99:99
20170816,12671,N10,E47,N,99:99
20170816,12671,N10,E47,N,99:99
20170816,12671,N10,E47,C,12:20
20170817,12671,N11,E35,N,99:99
20170818,12671,N11,E20,N,99:99
20170818,12671,N11,E20,C,21:01
20170818,12671,N11,E20,N,99:99
20170819,12671,N11,E08,N,99:99
20170819,12671,N11,E08,C,20:54
20170819,12671,N11,E08,C,12:04
20170819,12671,N11,E08,N,99:99
20170819,12671,N11,E08,C,21:01
20170820,12671,N12,W06,N,99:99
20170820,12671,N12,W06,C,07:45
20170820,12671,N12,W06,C,04:22
20170820,12671,N12,W06,N,99:99
20170820,12671,N12,W06,C,20:54
20170820,12671,N12,W06,C,12:04
20170821,12671,N12,W20,N,99:99
20170821,12671,N12,W20,C,21:47
20170821,12671,N12,W20,C,20:12
20170821,12671,N12,W20,N,99:99
20170821,12671,N12,W20,C,07:45
20170821,12671,N12,W20,C,04:22
20170821,12672,N05,E61,N,99:99
20170821,12672,N05,E61,C,17:39
20170821,12672,N05,E61,C,03:05
20170821,12672,N05,E61,N,99:99
20170822,12671,N11,W30,N,99:99
20170822,12671,N11,W30,C,17:42
20170822,12671,N11,W30,N,99:99
20170822,12671,N11,W30,C,21:47
20170822,12671,N11,W30,C,20:12
20170822,12672,N07,E49,N,99:99
20170822,12672,N07,E49,N,99:99
20170822,12672,N07,E49,C,17:39
20170822,12672,N07,E49,C,03:05
20170823,12671,N10,W43,N,99:99
20170823,12671,N10,W43,C,17:43
20170823,12671,N10,W43,C,06:24
20170823,12671,N10,W43,N,99:99
20170823,12671,N10,W43,C,19:32
20170823,12671,N10,W43,C,17:42
20170823,12671,N10,W43,C,11:09
20170823,12672,N08,E35,N,99:99
20170823,12672,N08,E35,C,13:24
20170823,12672,N08,E35,N,99:99
20170824,12671,N11,W57,N,99:99
20170824,12671,N11,W57,C,01:19
20170824,12671,N11,W57,C,00:30
20170824,12671,N11,W57,N,99:99
20170824,12671,N11,W57,C,17:43
20170824,12671,N11,W57,C,06:24
20170824,12672,N08,E22,N,99:99
20170824,12672,N08,E22,N,99:99
20170824,12672,N08,E22,C,19:10
20170824,12672,N08,E22,C,13:24
20170825,12671,N11,W68,N,99:99
20170825,12671,N11,W68,N,99:99
20170825,12671,N11,W68,C,01:19
20170825,12671,N11,W68,C,00:30
20170825,12672,N07,E09,N,99:99
20170826,12671,N13,W80,N,99:99
20170826,12672,N07,W05,N,99:99
20170827,12671,N14,W91,N,99:99
20170827,12671,N14,W91,C,15:11
20170827,12671,N14,W91,N,99:99
20170827,12672,N07,W19,N,99:99
20170828,12671,N13,W91,N,99:99
20170828,12671,N13,W91,N,99:99
20170828,12671,N13,W91,C,15:11
20170828,12672,N07,W32,N,99:99
20170829,12672,N08,W46,N,99:99
20170830,12672,N06,W62,N,99:99
20170830,12673,S08,E50,N,99:99
20170830,12674,N11,E58,N,99:99
20170830,12674,N11,E58,C,18:38
20170830,12674,N11,E58,C,08:31
20170830,12674,N11,E58,C,04:05
20170830,12674,N11,E58,N,99:99
20170831,12672,N06,W75,N,99:99
20170831,12673,S08,E36,N,99:99
20170831,12674,N14,E52,N,99:99
20170901,12672,N07,W82,N,99:99
20170901,12673,S08,E24,N,99:99
20170901,12674,N13,E41,N,99:99
20170901,12674,N13,E41,C,15:31
20170901,12674,N13,E41,N,99:99
20170901,12675,S07,W36,N,99:99
20170902,12672,N08,W91,N,99:99
20170902,12673,S08,E11,N,99:99
20170902,12674,N13,E26,N,99:99
20170902,12675,S08,W49,N,99:99
20170903,12673,S10,W03,N,99:99
20170903,12674,N14,E13,N,99:99
20170903,12674,N14,E13,C,04:18
20170903,12674,N14,E13,N,99:99
20170903,12674,N14,E13,C,03:02
20170903,12674,N14,E13,C,02:22
20170903,12675,S08,W63,N,99:99
20170903,12676,S10,W48,N,99:99
20170904,12673,S10,W14,N,99:99
20170904,12673,S10,W14,M,15:11
20170904,12673,S10,W14,C,12:12
20170904,12673,S10,W14,C,11:49
20170904,12673,S10,W14,C,11:33
20170904,12673,S10,W14,C,08:08
20170904,12673,S10,W14,M,05:36
20170904,12673,S10,W14,C,04:05
20170904,12673,S10,W14,C,03:33
20170904,12673,S10,W14,N,99:99
20170904,12673,S10,W14,C,20:45
20170904,12674,N14,W00,N,99:99
20170904,12674,N14,W00,N,99:99
20170904,12674,N14,W00,C,04:18
20170904,12675,S07,W75,N,99:99
20170904,12676,S11,W63,N,99:99
20170904,12677,N19,E53,N,99:99
20170905,12673,S08,W28,N,99:99
20170905,12673,S08,W28,C,16:14
20170905,12673,S08,W28,C,13:26
20170905,12673,S08,W28,C,12:30
20170905,12673,S08,W28,C,10:13
20170905,12673,S08,W28,M,04:33
20170905,12673,S08,W28,M,03:42
20170905,12673,S08,W28,M,01:03
20170905,12673,S08,W28,C,00:30
20170905,12673,S08,W28,N,99:99
20170905,12673,S08,W28,M,22:10
20170905,12673,S08,W28,M,20:28
20170905,12673,S08,W28,M,19:59
20170905,12673,S08,W28,M,18:46
20170905,12673,S08,W28,M,18:05
20170905,12673,S08,W28,C,17:20
20170905,12673,S08,W28,C,16:29
20170905,12673,S08,W28,M,15:11
20170905,12673,S08,W28,C,12:12
20170905,12673,S08,W28,C,11:49
20170905,12673,S08,W28,C,11:33
20170905,12674,N14,W13,N,99:99
20170905,12675,S02,W88,N,99:99
20170905,12676,S09,W77,N,99:99
20170905,12677,N19,E40,N,99:99
20170906,12673,S09,W42,N,99:99
20170906,12673,S09,W42,X,11:53
20170906,12673,S09,W42,X,08:57
20170906,12673,S09,W42,C,07:29
20170906,12673,S09,W42,N,99:99
20170906,12673,S09,W42,C,20:00
20170906,12673,S09,W42,M,17:37
20170906,12673,S09,W42,C,17:11
20170906,12673,S09,W42,C,16:14
20170906,12673,S09,W42,C,13:26
20170906,12673,S09,W42,C,12:30
20170906,12673,S09,W42,C,10:13
20170906,12673,S09,W42,M,04:33
20170906,12673,S09,W42,M,03:42
20170906,12673,S09,W42,M,01:03
20170906,12673,S09,W42,C,00:30
20170906,12674,N14,W26,N,99:99
20170906,12675,S07,W91,N,99:99
20170906,12676,S09,W88,N,99:99
20170906,12677,N18,E28,N,99:99
20170906,12678,N11,E33,N,99:99
20170906,12678,N11,E33,C,06:17
20170906,12678,N11,E33,N,99:99
20170907,12673,S09,W57,N,99:99
20170907,12673,S09,W57,X,14:20
20170907,12673,S09,W57,C,12:00
20170907,12673,S09,W57,M,10:11
20170907,12673,S09,W57,M,09:49
20170907,12673,S09,W57,C,09:16
20170907,12673,S09,W57,C,06:19
20170907,12673,S09,W57,M,04:59
20170907,12673,S09,W57,N,99:99
20170907,12673,S09,W57,M,23:33
20170907,12673,S09,W57,M,19:21
20170907,12673,S09,W57,M,15:51
20170907,12673,S09,W57,X,11:53
20170907,12673,S09,W57,X,08:57
20170907,12673,S09,W57,C,07:29
20170907,12674,N14,W40,N,99:99
20170907,12677,N18,E14,N,99:99
20170907,12678,N11,E19,N,99:99
20170907,12678,N11,E19,N,99:99
20170907,12678,N11,E19,C,06:17
20170907,12676,S09,W91,N,99:99
20170908,12673,S09,W70,N,99:99
20170908,12673,S09,W70,M,15:09
20170908,12673,S09,W70,C,11:21
20170908,12673,S09,W70,C,10:45
20170908,12673,S09,W70,C,09:36
20170908,12673,S09,W70,M,07:40
20170908,12673,S09,W70,C,07:04
20170908,12673,S09,W70,C,05:31
20170908,12673,S09,W70,M,03:39
20170908,12673,S09,W70,C,03:30
20170908,12673,S09,W70,M,02:19
20170908,12673,S09,W70,C,02:10
20170908,12673,S09,W70,C,01:36
20170908,12673,S09,W70,N,99:99
20170908,12673,S09,W70,M,23:50
20170908,12673,S09,W70,C,22:57
20170908,12673,S09,W70,C,21:24
20170908,12673,S09,W70,C,20:54
20170908,12673,S09,W70,C,18:40
20170908,12673,S09,W70,C,18:04
20170908,12674,N14,W53,N,99:99
20170908,12677,N17,E01,N,99:99
20170908,12678,N11,E06,N,99:99
20170908,12678,N11,E06,C,06:24
20170908,12678,N11,E06,N,99:99
20170908,12679,N14,W39,N,99:99
20170909,12673,S09,W82,N,99:99
20170909,12673,S09,W82,M,10:50
20170909,12673,S09,W82,C,07:17
20170909,12673,S09,W82,C,06:51
20170909,12673,S09,W82,C,06:23
20170909,12673,S09,W82,M,04:14
20170909,12673,S09,W82,C,03:57
20170909,12673,S09,W82,C,03:02
20170909,12673,S09,W82,C,00:36
20170909,12673,S09,W82,N,99:99
20170909,12673,S09,W82,M,23:33
20170909,12673,S09,W82,C,23:16
20170909,12673,S09,W82,C,22:18
20170909,12673,S09,W82,C,20:10
20170909,12673,S09,W82,C,18:15
20170909,12673,S09,W82,M,15:09
20170909,12673,S09,W82,C,12:29
20170909,12673,S09,W82,C,12:09
20170909,12673,S09,W82,C,11:21
20170909,12673,S09,W82,C,10:45
20170909,12673,S09,W82,C,09:36
20170909,12673,S09,W82,M,07:40
20170909,12674,N13,W66,N,99:99
20170909,12677,N17,W13,N,99:99
20170909,12678,N11,W07,N,99:99
20170909,12679,N15,W53,N,99:99
20170910,12673,S09,W91,N,99:99
20170910,12673,S09,W91,X,15:35
20170910,12673,S09,W91,C,14:19
20170910,12673,S09,W91,C,12:38
20170910,12673,S09,W91,C,10:31
20170910,12673,S09,W91,C,09:02
20170910,12673,S09,W91,C,02:40
20170910,12673,S09,W91,N,99:99
20170910,12673,S09,W91,M,22:04
20170910,12673,S09,W91,C,21:00
20170910,12673,S09,W91,C,19:09
20170910,12673,S09,W91,C,16:20
20170910,12673,S09,W91,C,14:49
20170910,12673,S09,W91,M,10:50
20170910,12673,S09,W91,C,07:17
20170910,12673,S09,W91,C,06:51
20170910,12673,S09,W91,C,06:23
20170910,12673,S09,W91,M,04:14
20170910,12673,S09,W91,C,03:57
20170910,12673,S09,W91,C,03:02
20170910,12673,S09,W91,C,00:36
20170910,12674,N13,W79,N,99:99
20170910,12678,N11,W19,N,99:99
20170910,12677,N17,W26,N,99:99
20170910,12679,N15,W66,N,99:99
20170911,12674,N13,W91,N,99:99
20170911,12678,N11,W34,N,99:99
20170911,12680,N09,E54,N,99:99
20170911,12677,N17,W39,N,99:99
20170911,12679,N16,W83,N,99:99
20170912,12674,N16,W91,N,99:99
20170912,12680,N09,E41,N,99:99
20170912,12680,N09,E41,C,07:22
20170912,12680,N09,E41,N,99:99
20170912,12677,N17,W52,N,99:99
20170912,12678,N11,W47,N,99:99
20170912,12679,N16,W91,N,99:99
20170913,12680,N09,E27,N,99:99
20170913,12680,N09,E27,N,99:99
20170913,12680,N09,E27,C,19:03
20170913,12680,N09,E27,C,07:22
20170913,12677,N17,W66,N,99:99
20170913,12678,N11,W61,N,99:99
20170914,12680,N09,E14,N,99:99
20170914,12677,N17,W80,N,99:99
20170914,12678,N11,W75,N,99:99
20170915,12680,N08,E01,N,99:99
20170915,12677,N17,W91,N,99:99
20170915,12678,N11,W89,N,99:99
20170916,12680,N08,W12,N,99:99
20170917,12680,N08,W25,N,99:99
20170918,12680,N08,W39,N,99:99
20170919,12680,N08,W52,N,99:99
20170920,12680,N08,W65,N,99:99
20170921,12680,N08,W79,N,99:99
20170921,12681,S12,E61,N,99:99
20170922,12680,N08,W91,N,99:99
20170922,12681,S13,E47,N,99:99
20170923,12680,N07,W91,N,99:99
20170923,12681,S13,E32,N,99:99
20170924,12681,S13,E18,N,99:99
20170925,12681,S13,E05,N,99:99
20170925,12682,S09,E57,N,99:99
20170926,12681,S12,W10,N,99:99
20170926,12682,S10,E45,N,99:99
20170926,12683,N11,E62,N,99:99
20170926,12683,N11,E62,C,02:29
20170926,12683,N11,E62,N,99:99
20170927,12681,S15,W23,N,99:99
20170927,12682,S11,E32,N,99:99
20170927,12683,N12,E46,N,99:99
20170927,12683,N12,E46,C,00:50
20170927,12683,N12,E46,N,99:99
20170927,12683,N12,E46,C,02:29
20170928,12681,S13,W35,N,99:99
20170928,12682,S10,E17,N,99:99
20170928,12683,N13,E32,N,99:99
20170928,12683,N13,E32,N,99:99
20170928,12683,N13,E32,C,00:50
20170929,12681,S14,W49,N,99:99
20170929,12682,S09,E07,N,99:99
20170929,12683,N14,E12,N,99:99
20170930,12681,S14,W62,N,99:99
20170930,12682,S09,W06,N,99:99
20170930,12683,N14,E07,N,99:99
20171001,12681,S14,W75,N,99:99
20171001,12682,S11,W19,N,99:99
20171001,12683,N13,W06,N,99:99
20171002,12681,S14,W88,N,99:99
20171002,12682,S11,W32,N,99:99
20171002,12683,N13,W19,N,99:99
20171003,12682,S10,W49,N,99:99
20171003,12683,N13,W33,N,99:99
20171003,12681,S13,W91,N,99:99
20171004,12682,S10,W61,N,99:99
20171004,12683,N13,W46,N,99:99
20171005,12682,S10,W75,N,99:99
20171005,12683,N13,W59,N,99:99
20171005,12683,N13,W59,C,13:26
20171005,12683,N13,W59,N,99:99
20171006,12682,S10,W88,N,99:99
20171006,12683,N13,W72,N,99:99
20171006,12683,N13,W72,N,99:99
20171006,12683,N13,W72,C,13:26
20171007,12682,S11,W91,N,99:99
20171007,12683,N13,W85,N,99:99
20171008,12683,N13,W91,N,99:99
20171016,12684,N11,W46,N,99:99
20171017,12684,N11,W60,N,99:99
20171018,12684,N11,W74,N,99:99
20171019,12684,N11,W88,N,99:99
20171020,12684,N11,W91,N,99:99
20171022,12685,S11,E60,N,99:99
20171023,12685,S09,E44,N,99:99
20171024,12685,S09,E31,N,99:99
20171024,12686,N12,E53,N,99:99
20171025,12685,S09,E17,N,99:99
20171025,12686,N12,E39,N,99:99
20171026,12685,S09,E03,N,99:99
20171026,12686,N12,E25,N,99:99
20171027,12685,S09,W10,N,99:99
20171027,12686,N12,E13,N,99:99
20171028,12685,S09,W23,N,99:99
20171028,12686,N13,E01,N,99:99
20171029,12685,S08,W34,N,99:99
20171029,12686,N13,W10,N,99:99
20171030,12685,S09,W46,N,99:99
20171030,12686,N13,W24,N,99:99
20171031,12685,S09,W61,N,99:99
20171031,12686,N13,W38,N,99:99
20171101,12686,N13,W51,N,99:99
20171101,12685,S09,W75,N,99:99
20171102,12685,S09,W89,N,99:99
20171102,12686,N13,W65,N,99:99
20171103,12686,N13,W79,N,99:99
20171104,12686,N13,W91,N,99:99
20171115,12687,S08,E52,N,99:99
20171116,12687,S07,E43,N,99:99
20171117,12687,S08,E27,N,99:99
20171118,12687,S08,E19,N,99:99
20171118,12688,N11,W44,N,99:99
20171119,12687,S09,E06,N,99:99
20171119,12688,N11,W57,N,99:99
20171120,12687,S09,W08,N,99:99
20171120,12688,N11,W71,N,99:99
20171121,12687,S09,W22,N,99:99
20171121,12688,N11,W85,N,99:99
20171122,12687,S09,W36,N,99:99
20171122,12688,N11,W91,N,99:99
20171123,12687,S09,W50,N,99:99
20171124,12687,S09,W64,N,99:99
20171125,12687,S09,W78,N,99:99
20171126,12689,N13,W20,N,99:99
20171126,12687,S09,W91,N,99:99
20171127,12689,N13,W33,N,99:99
20171128,12689,N13,W46,N,99:99
20171129,12689,N12,W61,N,99:99
20171130,12689,N12,W77,N,99:99
20171201,12689,N13,W90,N,99:99
20171202,12689,N13,W91,N,99:99
20171207,12690,N07,W29,N,99:99
20171208,12690,N06,W44,N,99:99
20171209,12690,N06,W58,N,99:99
20171210,12690,N06,W71,N,99:99
20171211,12691,S03,E30,N,99:99
20171211,12690,N06,W84,N,99:99
20171212,12691,S03,E17,N,99:99
20171212,12690,N06,W91,N,99:99
20171213,12691,S03,E04,N,99:99
20171214,12691,S03,W11,N,99:99
20171215,12691,S03,W24,N,99:99
20171216,12691,S03,W37,N,99:99
20171217,12691,S03,W50,N,99:99
20171218,12691,S03,W64,N,99:99
20171220,12691,S03,W91,N,99:99
20171221,12692,N16,E33,N,99:99
20171222,12692,N18,E18,N,99:99
20171223,12692,N18,E04,N,99:99
20171224,12692,N18,W09,N,99:99
20171225,12692,N18,W21,N,99:99
20171226,12692,N18,W35,N,99:99
20171227,12692,N18,W47,N,99:99
20171228,12692,N17,W58,N,99:99
20171229,12692,N17,W72,N,99:99
20171230,12692,N17,W86,N,99:99
20171231,12692,N17,W91,N,99:99
